global_idx,entropy,correct,set_size,is_multi,loc_score
7349,0.106999636,1,1,0,0.6995580196380615
7352,0.31358832,1,1,0,0.6345018744468689
7353,0.5501685,1,2,1,0.5851428508758545
7354,0.6053762,1,2,1,0.6971139311790466
7360,0.5279763,0,2,1,0.5124245882034302
7362,0.17754166,1,1,0,0.7330269813537598
7363,0.25159,1,1,0,0.47777315974235535
7364,0.26891497,1,1,0,0.692102313041687
7365,0.2048289,1,1,0,0.7470261454582214
7369,0.36123562,1,1,0,0.8770560622215271
7370,0.37880877,1,1,0,0.3783144950866699
7371,0.20806882,1,1,0,0.5241495966911316
7377,0.24018137,1,1,0,0.4902169704437256
7380,0.15855972,1,1,0,0.6882600784301758
7381,0.71684986,1,2,1,0.4310922920703888
7384,0.52684975,1,2,1,0.6717807054519653
7386,0.42351595,1,1,0,0.594548761844635
7387,0.19715188,1,1,0,0.707476794719696
7388,0.6655019,1,2,1,0.658768892288208
7391,0.31930324,1,1,0,0.6948626041412354
7394,0.24790801,1,1,0,0.7713964581489563
7395,0.41975838,1,1,0,0.6837332248687744
7398,0.71895874,1,2,1,0.5474249720573425
7399,0.5729168,1,2,1,0.7847697734832764
7400,0.2072347,1,1,0,0.6784611940383911
7401,0.19950864,1,1,0,0.6018391847610474
7407,0.25957745,1,1,0,0.7263779044151306
7408,0.16902514,1,1,0,0.5945703387260437
7411,0.31051648,0,1,0,0.33515462279319763
7413,0.31174916,1,1,0,0.596953809261322
7417,0.04858453,1,1,0,0.6879163980484009
7418,0.46838143,1,1,0,0.5782003998756409
7419,0.3336017,1,1,0,0.6537331938743591
7421,0.33058777,1,1,0,0.7039014101028442
7422,0.43881774,1,1,0,0.5508063435554504
7423,0.47447655,1,1,0,0.6857073903083801
7426,0.5000592,1,1,0,0.6717349290847778
7427,0.26227656,1,1,0,0.6441120505332947
7438,0.35881335,1,1,0,0.7697327136993408
7439,0.6355984,0,2,1,0.5370906591415405
7443,0.18240872,1,1,0,0.6112242937088013
7445,0.31224683,1,1,0,0.6461126208305359
7446,0.4559186,1,1,0,0.6020919680595398
7448,0.4800006,1,1,0,0.6624775528907776
7449,0.71778846,1,2,1,0.5684789419174194
7451,0.16330579,1,1,0,0.7883691787719727
7454,0.3079632,1,1,0,0.4530726373195648
7455,0.29741016,1,1,0,0.21839255094528198
7460,0.5817136,1,2,1,0.61629319190979
7461,0.3602206,1,1,0,0.8221265077590942
7462,0.17673737,1,1,0,0.7737697958946228
7464,0.24512282,1,1,0,0.7178128957748413
7469,0.1704467,1,1,0,0.798488438129425
7477,0.39024812,1,1,0,0.5393180251121521
7482,0.121449195,1,1,0,0.7235485911369324
7487,0.32043988,1,1,0,0.7875338792800903
7488,0.7042712,1,2,1,0.4766087234020233
7489,0.22734877,1,1,0,0.7878391742706299
7492,0.38006595,1,1,0,0.7033730149269104
7493,0.34524372,1,1,0,0.716985285282135
7494,0.17487472,1,1,0,0.7966057062149048
7495,0.30413598,1,1,0,0.6718541979789734
7496,0.45479783,1,1,0,0.5440208315849304
7500,0.15060998,1,1,0,0.6037236452102661
7505,0.4725624,1,1,0,0.7157666087150574
7506,0.18464664,1,1,0,0.6706485748291016
7507,0.23325829,1,1,0,0.5254719853401184
7508,0.21184033,1,1,0,0.7330825328826904
7513,0.1572761,1,1,0,0.5634821057319641
7514,0.4939905,1,1,0,0.5664168000221252
7515,0.14186378,1,1,0,0.45428624749183655
7516,0.5984833,0,1,0,0.6480283737182617
7526,0.265442,1,1,0,0.7339644432067871
7527,0.6809317,1,2,1,0.691002368927002
7528,0.6402305,1,2,1,0.7837070822715759
7530,0.45334342,1,1,0,0.3963949680328369
7534,0.41504267,1,1,0,0.5210171937942505
7540,0.5917468,1,2,1,0.6660553216934204
7544,0.6150518,1,2,1,0.44574975967407227
7546,0.08172222,0,1,0,0.0
7550,0.56996894,1,2,1,0.8018225431442261
7552,0.2495196,1,1,0,0.7517728805541992
7556,0.09728159,1,1,0,0.6741518378257751
7558,0.4681941,1,1,0,0.6819771528244019
7561,0.10120216,0,1,0,0.0
7563,0.308381,1,1,0,0.705963671207428
7564,0.34094948,0,1,0,0.9731049537658691
7568,0.44698045,1,1,0,0.7634310126304626
7572,0.19398709,1,1,0,0.6013088822364807
7573,0.44386983,0,1,0,0.9741324782371521
7574,0.2934606,1,1,0,0.7672731280326843
7577,0.69656,0,2,1,0.7444483041763306
7580,0.34584624,1,1,0,0.7034399509429932
7581,0.08334662,1,1,0,0.6942490935325623
7582,0.124472104,1,1,0,0.7520219683647156
7583,0.5080723,1,1,0,0.47084474563598633
7585,0.40989676,1,1,0,0.5470160245895386
7590,0.585208,1,2,1,0.5103020668029785
7597,0.18608941,1,1,0,0.5850997567176819
7601,0.19782296,1,1,0,0.6864904761314392
7605,0.10860751,1,1,0,0.6435722708702087
7608,0.036558174,1,1,0,0.7071278095245361
7610,0.532858,1,2,1,0.7379167675971985
7612,0.12284125,1,1,0,0.7042161822319031
7618,0.61361426,1,2,1,0.6193874478340149
7620,0.48287305,1,1,0,0.5466649532318115
7622,0.69976735,0,2,1,0.7883102297782898
7624,0.3323927,1,1,0,0.610364556312561
7625,0.5901596,1,2,1,0.6847992539405823
7628,0.20898128,1,1,0,0.5288176536560059
7631,0.06481048,1,1,0,0.6820993423461914
7632,0.21716268,1,1,0,0.5223703980445862
7635,0.16971779,1,1,0,0.4094677269458771
7637,0.39901814,1,1,0,0.4802209734916687
7638,0.42619237,1,1,0,0.6514983177185059
7639,0.483353,1,1,0,0.7872639298439026
7640,0.5104126,1,1,0,0.6254559755325317
7642,0.43927854,1,1,0,0.7979604601860046
7646,0.54023504,1,2,1,0.4759325683116913
7649,0.31731004,1,1,0,0.8114160299301147
7650,0.20550111,1,1,0,0.49052125215530396
7651,0.14931463,1,1,0,0.7544026970863342
7656,0.34417403,1,1,0,0.7779161334037781
7658,0.5033011,1,2,1,0.6483293771743774
7661,0.65565246,1,2,1,0.6132335662841797
7666,0.36933056,1,1,0,0.46477243304252625
7667,0.12598284,1,1,0,0.5559009909629822
7671,0.1232779,1,1,0,0.6790774464607239
7674,0.25466627,1,1,0,0.5221973657608032
7676,0.1242374,1,1,0,0.6888129711151123
7677,0.52590156,1,2,1,0.5651219487190247
7678,0.7007388,1,2,1,0.5891405940055847
7680,0.52391833,1,2,1,0.7745073437690735
7681,0.2912792,1,1,0,0.7559364438056946
7683,0.28495654,1,1,0,0.6943199634552002
7688,0.404607,1,1,0,0.6148881912231445
7689,0.64556736,0,2,1,0.4595920145511627
7691,0.3412401,1,1,0,0.5287325382232666
7692,0.7220441,0,2,1,0.7039127945899963
7695,0.70991623,1,2,1,0.8868643045425415
7699,0.34618706,1,1,0,0.5847498774528503
7702,0.312845,1,1,0,0.778564989566803
7703,0.31449816,1,1,0,0.7830234169960022
7706,0.47984067,1,1,0,0.5816171169281006
7708,0.3402973,1,1,0,0.7144074440002441
7711,0.26508018,1,1,0,0.5923543572425842
7714,0.26606834,1,1,0,0.4729308784008026
7716,0.19794159,1,1,0,0.7692054510116577
7717,0.3503547,1,1,0,0.5458465814590454
7719,0.37854338,1,1,0,0.652320921421051
7723,0.38854018,1,1,0,0.6814754605293274
7725,0.20596297,1,1,0,0.7611886262893677
7726,0.22098501,1,1,0,0.7222460508346558
7728,0.107720554,1,1,0,0.7340753078460693
7729,0.5971907,1,2,1,0.5956002473831177
7730,0.519992,1,2,1,0.6017323732376099
7731,0.24855804,1,1,0,0.6298676133155823
7733,0.42473552,1,1,0,0.5219196677207947
7734,0.3139587,0,1,0,0.11255718022584915
7741,0.5290471,1,2,1,0.7703267931938171
7742,0.44315356,1,1,0,0.7516713738441467
7745,0.4846495,1,1,0,0.7666381001472473
7748,0.63522315,1,2,1,0.5178757905960083
7749,0.15670744,1,1,0,0.7731176614761353
7751,0.44029176,1,1,0,0.7888102531433105
7752,0.34872222,1,1,0,0.8146612048149109
7753,0.55958855,1,2,1,0.46023231744766235
7754,0.3208199,1,1,0,0.7919573783874512
7756,0.16173181,1,1,0,0.7980074286460876
7757,0.3850366,0,1,0,0.22689276933670044
7760,0.22723094,1,1,0,0.8036719560623169
7763,0.6838376,1,2,1,0.7748339176177979
7765,0.6684087,1,2,1,0.7459972500801086
7768,1.0046979,0,2,1,0.06182276830077171
7771,0.34844348,1,1,0,0.6589357256889343
7772,0.17376286,1,1,0,0.6180917024612427
7774,0.32198888,1,1,0,0.3892282247543335
7777,0.4250505,1,1,0,0.7352749109268188
7778,0.70250154,1,2,1,0.5497969388961792
7781,0.3735891,1,1,0,0.8037158250808716
7783,0.42352748,1,1,0,0.5676396489143372
7787,0.29438233,1,1,0,0.8176616430282593
7796,0.33797362,1,1,0,0.6180282831192017
7799,0.56956124,1,2,1,0.4255330562591553
7801,0.3820259,1,1,0,0.5158097147941589
7803,0.26496714,1,1,0,0.5744874477386475
7804,0.4246232,1,1,0,0.6415187120437622
7805,0.69651324,1,2,1,0.7833759188652039
7806,0.46904334,1,1,0,0.5364106893539429
7807,0.19538721,1,1,0,0.7526496648788452
7815,0.6487786,1,2,1,0.7282535433769226
7817,0.55907756,1,2,1,0.6840074062347412
7820,0.54268146,0,1,0,0.5998618602752686
7822,0.46528587,1,1,0,0.758209764957428
7825,0.55935556,1,2,1,0.6117183566093445
7826,0.30745536,1,1,0,0.6466976404190063
7827,0.64482665,1,2,1,0.5339438319206238
7829,0.27492025,1,1,0,0.6653997302055359
7837,0.22951065,1,1,0,0.5593230128288269
7838,0.70234525,0,2,1,0.6348013281822205
7839,0.557866,1,1,0,0.3247462809085846
7840,0.30055442,1,1,0,0.795885443687439
7846,0.606921,1,2,1,0.5956514477729797
7847,0.17223094,1,1,0,0.4981963038444519
7849,0.63601804,1,2,1,0.6780506372451782
7851,0.57027364,0,2,1,0.5214899778366089
7857,0.30674842,1,1,0,0.7662941813468933
7860,0.34157348,1,1,0,0.694990336894989
7863,0.4711857,1,1,0,0.6276547312736511
7864,0.59133124,1,2,1,0.6751388311386108
7867,0.078409344,1,1,0,0.7375515699386597
7868,0.4194932,1,1,0,0.6685421466827393
7874,0.30611393,1,1,0,0.7561755776405334
7875,0.25681365,1,1,0,0.5029322504997253
7878,0.15706742,1,1,0,0.6926575303077698
7881,0.15182857,1,1,0,0.5507463216781616
7882,0.3883515,1,1,0,0.5517144799232483
7884,0.47024012,1,1,0,0.5069026947021484
7885,0.45122465,1,1,0,0.7703580856323242
7889,0.7337981,0,2,1,0.7936623692512512
7891,0.13803367,1,1,0,0.6366777420043945
7894,0.17731328,1,1,0,0.7333224415779114
7900,0.3108093,1,1,0,0.6467780470848083
7901,0.2559822,1,1,0,0.6057347059249878
7906,0.7143351,1,2,1,0.549496591091156
7908,0.54896283,1,2,1,0.5618253946304321
7920,0.41489607,1,1,0,0.7385265827178955
7923,0.34113342,1,1,0,0.5984798073768616
7924,0.24948423,1,1,0,0.4866347014904022
7925,0.28013942,1,1,0,0.7501009106636047
7926,0.7165853,1,2,1,0.861703634262085
7930,0.14799061,1,1,0,0.756374716758728
7932,0.41726142,1,1,0,0.5297918319702148
7933,0.304975,1,1,0,0.6495783925056458
7934,0.19119582,1,1,0,0.689878523349762
7935,0.10840663,0,1,0,0.45743685960769653
7938,0.7394833,0,2,1,0.8441287279129028
7939,0.25024486,1,1,0,0.6678552627563477
7940,0.40972593,1,1,0,0.23788031935691833
7944,0.46804023,1,1,0,0.6358090043067932
7945,0.391138,1,1,0,0.8608638048171997
7947,0.053459182,1,1,0,0.6328606009483337
7949,0.56382567,1,2,1,0.5648386478424072
7953,0.3233873,1,1,0,0.7789369225502014
7956,0.33197188,1,1,0,0.6681467294692993
7959,0.41451648,1,1,0,0.4791901707649231
7960,0.1506654,1,1,0,0.6709757447242737
7963,0.3356474,1,1,0,0.49798616766929626
7964,0.4308657,1,1,0,0.785912036895752
7965,0.58908296,1,2,1,0.792256236076355
7966,0.63077426,1,2,1,0.4275735318660736
7968,0.23984675,1,1,0,0.5266585350036621
7969,0.11197236,1,1,0,0.5362204313278198
7973,0.19497456,1,1,0,0.6692849397659302
7974,0.42742926,1,1,0,0.7788320779800415
7975,0.21740444,1,1,0,0.5498971343040466
7976,0.28292194,1,1,0,0.5138989686965942
7977,0.24298553,1,1,0,0.6166868209838867
7978,0.7123051,1,2,1,0.7047412395477295
7981,0.2359162,1,1,0,0.7843999266624451
7986,0.41214406,1,1,0,0.41888687014579773
7988,0.19925173,0,1,0,0.23319120705127716
7998,0.14066802,1,1,0,0.44898098707199097
8000,0.2859756,1,1,0,0.8299383521080017
8002,0.37946984,1,1,0,0.7327297329902649
8003,0.40102592,1,1,0,0.7486636638641357
8005,0.23799792,1,1,0,0.663786768913269
8006,0.3137635,1,1,0,0.6682526469230652
8008,0.26554325,1,1,0,0.5448563098907471
8009,0.19803306,1,1,0,0.5512279272079468
8014,0.21877232,1,1,0,0.7652957439422607
8020,0.45159012,1,1,0,0.6774189472198486
8021,0.35392174,1,1,0,0.6256647109985352
8022,0.07570461,1,1,0,0.5430170893669128
8023,0.06481773,1,1,0,0.7742581367492676
8024,0.33230427,1,1,0,0.5539813041687012
8028,0.1622422,1,1,0,0.7604222893714905
8031,0.559539,1,2,1,0.6550093293190002
8032,0.34116754,1,1,0,0.7149590849876404
8042,0.19371061,1,1,0,0.5465750098228455
8043,0.4149609,1,1,0,0.7283865213394165
8046,0.71474934,0,2,1,0.6952577233314514
8048,0.34310597,1,1,0,0.691421389579773
8049,0.6319888,1,2,1,0.4487210810184479
8050,0.13919766,1,1,0,0.7338215112686157
8052,0.21357709,1,1,0,0.6553131341934204
8054,0.39761055,0,1,0,0.7147788405418396
8055,0.3126043,1,1,0,0.5061704516410828
8057,0.370589,1,1,0,0.6332993507385254
8063,0.275454,1,1,0,0.697972297668457
8065,0.2597333,1,1,0,0.7946650385856628
8066,0.20989048,1,1,0,0.7636500000953674
8067,0.12157908,1,1,0,0.4790234863758087
8068,0.45400992,1,1,0,0.6937808990478516
8071,0.16961055,1,1,0,0.6444571018218994
8074,0.6163576,1,2,1,0.6193874478340149
8076,0.61491406,0,2,1,0.6334652900695801
8077,0.20703205,1,1,0,0.44582003355026245
8078,0.22452632,1,1,0,0.5540032386779785
8085,0.32362574,1,1,0,0.5614690184593201
8086,0.73929596,1,2,1,0.5473337769508362
8087,0.5684071,1,2,1,0.6444020867347717
8096,0.6828664,1,2,1,0.587103545665741
8097,0.076148584,1,1,0,0.649531364440918
8098,0.5581508,1,2,1,0.6410990357398987
8104,0.5251953,1,2,1,0.613667368888855
8105,0.5502405,1,2,1,0.593403160572052
8106,0.13191903,1,1,0,0.7239949107170105
8108,0.3997849,1,1,0,0.6404989957809448
8109,0.28946036,1,1,0,0.408269464969635
8110,0.18510692,1,1,0,0.7224287986755371
8111,0.6389812,0,2,1,0.8087853789329529
8113,0.5594681,1,2,1,0.7020168304443359
8115,0.17154625,1,1,0,0.5130801200866699
8116,0.5780603,1,2,1,0.5163846611976624
8117,0.14849325,1,1,0,0.5895592570304871
8119,0.28525484,1,1,0,0.6376973986625671
8122,0.7102843,0,2,1,0.7482894659042358
8127,0.3187938,1,1,0,0.6279433965682983
8128,0.21424626,1,1,0,0.7593936920166016
8130,0.21108823,1,1,0,0.6759384870529175
8132,0.5183411,1,2,1,0.42693284153938293
8133,0.6049754,1,2,1,0.5791207551956177
8136,0.40149575,1,1,0,0.6306129097938538
8137,0.20636308,1,1,0,0.7145353555679321
8138,0.4930332,1,1,0,0.5264097452163696
8140,0.37772202,1,1,0,0.7326428890228271
8142,0.25664842,1,1,0,0.7713964581489563
8145,0.18462843,1,1,0,0.7057226300239563
8149,0.34669146,1,1,0,0.7577570080757141
8154,0.18049213,1,1,0,0.7055362462997437
8155,0.29326972,1,1,0,0.7194557785987854
8156,0.33423588,1,1,0,0.5483335852622986
8161,0.5496025,1,2,1,0.6173487901687622
8162,0.13507935,1,1,0,0.44399943947792053
8165,0.55740774,1,2,1,0.7063032984733582
8171,0.46662825,1,1,0,0.5931570529937744
8173,0.4012579,1,1,0,0.7230556011199951
8177,0.27427512,1,1,0,0.6334502100944519
8181,0.20568937,1,1,0,0.6731976866722107
8183,0.47989824,1,1,0,0.6962933540344238
8184,0.7113529,1,2,1,0.6679760813713074
8186,0.19403195,1,1,0,0.7893491387367249
8198,0.31624448,1,1,0,0.591399610042572
8202,0.09968339,1,1,0,0.7267089486122131
8207,0.40331045,1,1,0,0.6702529191970825
8208,0.45610976,1,1,0,0.7498228549957275
8212,0.6090812,1,2,1,0.6554163098335266
8214,0.38092762,1,1,0,0.6341786980628967
8217,0.5462545,1,2,1,0.7732405662536621
8220,0.21303748,1,1,0,0.6545533537864685
8221,0.7145418,1,2,1,0.6150807738304138
8225,0.43170598,1,1,0,0.18306350708007812
8227,0.42272264,1,1,0,0.7263907194137573
8235,0.17551796,1,1,0,0.419918417930603
8238,0.32400838,1,1,0,0.7865502834320068
8242,0.362235,1,1,0,0.569298267364502
8244,0.293537,1,1,0,0.6004147529602051
8249,0.6444879,1,2,1,0.6129549145698547
8250,0.15919517,1,1,0,0.7398863434791565
8251,0.33273166,1,1,0,0.6518803238868713
8252,0.13572028,1,1,0,0.6841751337051392
8254,0.25458935,1,1,0,0.5844665765762329
8256,0.14414194,1,1,0,0.7443118095397949
8261,0.12684144,1,1,0,0.7610448002815247
8262,0.5905697,1,2,1,0.7290661931037903
8264,0.04451432,1,1,0,0.5253757238388062
8268,0.18734668,1,1,0,0.7318110466003418
8269,0.2250197,1,1,0,0.43888285756111145
8271,0.58304095,1,2,1,0.6666432023048401
8275,0.30166462,1,1,0,0.5025817155838013
8278,0.4956774,1,1,0,0.4585946798324585
8280,0.3127723,1,1,0,0.6447556614875793
8282,0.54599667,1,2,1,0.7079930305480957
8287,0.62591946,0,2,1,0.8119089007377625
8290,0.11500478,1,1,0,0.7221730947494507
8291,0.23287384,1,1,0,0.6577184200286865
8294,0.686568,1,2,1,0.6639178991317749
8295,0.2348045,1,1,0,0.5450468063354492
8296,0.4621559,1,1,0,0.6240367889404297
8299,0.38262308,1,1,0,0.7747668027877808
8300,0.6050192,1,1,0,0.7593164443969727
8302,0.1939135,1,1,0,0.5090945959091187
8303,0.31876844,1,1,0,0.6349673867225647
8309,0.6052141,1,2,1,0.5601743459701538
8311,0.5203871,1,2,1,0.7364835739135742
8312,0.36629453,1,1,0,0.7507331371307373
8313,0.22407019,1,1,0,0.77373206615448
8315,0.34500483,1,1,0,0.5771235227584839
8318,0.085221514,1,1,0,0.63563072681427
8323,0.14543115,1,1,0,0.5394896864891052
8325,0.36669576,1,1,0,0.7187490463256836
8327,0.27203298,1,1,0,0.6496539115905762
8328,0.21186389,1,1,0,0.44437161087989807
8329,0.5036444,1,1,0,0.22686390578746796
8331,0.24702562,1,1,0,0.6527128219604492
8332,0.68376946,1,2,1,0.5994426012039185
8334,0.37728167,1,1,0,0.5148173570632935
8335,0.7858435,0,1,0,0.2606925070285797
8336,0.3786184,1,1,0,0.7391688227653503
8338,0.74234307,0,2,1,0.5902729034423828
8340,0.09448614,1,1,0,0.5901620388031006
8341,0.15968823,1,1,0,0.7365688681602478
8346,0.27614233,1,1,0,0.7316747307777405
8347,0.29197502,1,1,0,0.7469791173934937
8350,0.15350313,1,1,0,0.6261848211288452
8351,0.39777386,1,1,0,0.6719236373901367
8353,0.35503528,1,1,0,0.7591848969459534
8357,0.60679746,1,2,1,0.6730114221572876
8358,0.36606225,1,1,0,0.6856051087379456
8359,0.18465321,1,1,0,0.6043709516525269
8364,0.6600729,1,2,1,0.5633349418640137
8367,0.7878283,0,2,1,0.8652802109718323
8369,0.05605538,1,1,0,0.5740898847579956
8374,0.62685525,0,2,1,0.7085459232330322
8376,0.31433636,1,1,0,0.6006209254264832
8379,0.5533463,1,2,1,0.6823918223381042
8384,0.69148374,1,2,1,0.5976288318634033
8390,0.2335494,1,1,0,0.7155544757843018
8392,0.024349816,1,1,0,0.7746574878692627
8393,0.5414769,1,2,1,0.5479037165641785
8395,0.30922246,1,1,0,0.6913056373596191
8396,0.4958885,1,2,1,0.6043867468833923
8399,0.067061126,1,1,0,0.7464489340782166
8402,0.19969246,1,1,0,0.5145744681358337
8403,0.2679102,1,1,0,0.591292679309845
8407,0.4035399,1,1,0,0.5264396667480469
8408,0.2459404,1,1,0,0.615273654460907
8409,0.31619212,1,1,0,0.6995239853858948
8414,0.3075018,1,1,0,0.6623897552490234
8415,0.3633715,1,1,0,0.7367274761199951
8420,0.35506237,1,1,0,0.7010024189949036
8421,0.6729448,1,2,1,0.6848176717758179
8422,0.17997153,1,1,0,0.7283843159675598
8423,0.13118817,1,1,0,0.67428058385849
8425,0.37118244,1,1,0,0.5969589948654175
8427,0.39579898,1,1,0,0.6852678656578064
8429,0.092856005,1,1,0,0.7084491848945618
8432,0.5054738,1,1,0,0.7008230686187744
8434,0.41942677,1,1,0,0.6579697728157043
8436,0.14298244,1,1,0,0.7141329646110535
8438,0.271099,1,1,0,0.438362181186676
8439,0.5980875,1,2,1,0.7382074594497681
8446,0.22463335,1,1,0,0.5052080154418945
8448,0.49314064,1,1,0,0.39949774742126465
8449,0.43174037,1,1,0,0.7211285829544067
8453,0.5465105,1,2,1,0.6023861765861511
8456,0.37807855,1,1,0,0.7540647983551025
8463,0.34191623,1,1,0,0.5006324052810669
8465,0.5532435,1,2,1,0.6290384531021118
8469,0.5681003,1,2,1,0.6286742687225342
8472,0.4043,1,1,0,0.32593047618865967
8474,0.7014659,1,2,1,0.6606678366661072
8476,0.32559308,1,1,0,0.5434656739234924
8477,0.41434366,0,1,0,0.7758035063743591
8478,0.35683239,0,1,0,0.6450644731521606
8481,0.48301962,1,1,0,0.6211437582969666
8490,0.3667937,1,1,0,0.713546633720398
8492,0.24982575,1,1,0,0.7210678458213806
8495,0.26424187,1,1,0,0.7483975887298584
8496,0.28715536,1,1,0,0.4528621435165405
8502,0.5231453,1,1,0,0.7076985836029053
8505,0.41631457,1,1,0,0.6776204705238342
8510,0.5750083,0,2,1,0.4517461657524109
8511,0.6028865,1,2,1,0.6862484216690063
8514,0.33277518,1,1,0,0.6691402196884155
8516,0.41761693,1,1,0,0.6067922115325928
8517,0.4591548,1,1,0,0.6580666899681091
8519,0.6589982,1,2,1,0.5678916573524475
8520,0.2604039,1,1,0,0.6663107872009277
8525,0.570148,1,2,1,0.7291527986526489
8526,0.27870926,1,1,0,0.5257503390312195
8529,0.2973764,1,1,0,0.37837889790534973
8530,0.64518815,1,2,1,0.5519435405731201
8534,0.19714098,1,1,0,0.6761735081672668
8536,0.42394087,1,1,0,0.5469897985458374
8538,0.5634325,1,2,1,0.6195430755615234
8541,0.7154765,0,2,1,0.7990997433662415
8543,0.29161677,1,1,0,0.5822315216064453
8546,0.10514796,1,1,0,0.6001380085945129
8549,0.27743298,1,1,0,0.6780238747596741
8552,0.4359504,1,1,0,0.5947185754776001
8555,0.25175697,1,1,0,0.7354881763458252
8557,0.1891737,1,1,0,0.633070170879364
8559,0.13190885,1,1,0,0.5480583310127258
8561,0.37048274,1,1,0,0.731916606426239
8562,0.46888444,1,1,0,0.7564958930015564
8564,0.6934117,1,2,1,0.7872390151023865
8566,0.69391286,1,2,1,0.6159606575965881
8567,0.5987322,0,2,1,0.4202485978603363
8568,0.5563266,0,2,1,0.7030690312385559
8570,0.3291149,1,1,0,0.5933443307876587
8577,0.46965683,1,1,0,0.7028571963310242
8578,0.19595122,1,1,0,0.6505491137504578
8579,0.23206025,1,1,0,0.7244757413864136
8580,0.6047981,1,2,1,0.7071508169174194
8583,0.26419932,1,1,0,0.6444936394691467
8586,0.40427735,1,1,0,0.4892396926879883
8593,0.61396444,0,2,1,0.4365968108177185
8594,0.09695,1,1,0,0.7140389084815979
8595,0.57266885,1,2,1,0.6182901263237
8598,0.33833593,1,1,0,0.7462188005447388
8599,0.12551858,1,1,0,0.7679781317710876
8600,0.67771405,1,2,1,0.7157999873161316
8603,0.60927904,1,2,1,0.5182076692581177
8608,0.58630264,1,2,1,0.7625764608383179
8610,0.44545805,1,1,0,0.6803098320960999
8611,0.20994748,1,1,0,0.6389195322990417
8614,0.44442275,1,1,0,0.5069026947021484
8616,0.56490415,1,2,1,0.6882315874099731
8622,0.910825,0,2,1,0.14607681334018707
8624,0.72006184,1,2,1,0.6887037754058838
8627,0.08475557,1,1,0,0.6935870051383972
8628,0.5427465,1,2,1,0.6588056683540344
8631,0.4794292,1,1,0,0.743164598941803
8633,0.44075942,1,1,0,0.5834583044052124
8634,0.3309755,1,1,0,0.7798281311988831
8635,0.45497915,1,1,0,0.6933037638664246
8636,0.40465534,1,1,0,0.5934497714042664
8637,0.23903114,1,1,0,0.663786768913269
8644,0.091433644,1,1,0,0.7404117584228516
8645,0.40290418,1,1,0,0.6308735013008118
8646,0.34669173,1,1,0,0.5886960625648499
8648,0.39098126,1,1,0,0.6020324230194092
8649,0.1423876,1,1,0,0.5633328557014465
8652,0.630969,1,2,1,0.7123419046401978
8653,0.36270553,1,1,0,0.39822858572006226
8658,0.15072848,1,1,0,0.8127171397209167
8662,0.2078984,1,1,0,0.7719663977622986
