global_idx,label,pred,correct,loc_score
7348,2,2,1,0.8052915930747986
7349,2,2,1,0.6995580196380615
7350,2,2,1,0.7396365404129028
7351,2,2,1,0.5736005306243896
7352,2,2,1,0.6345018744468689
7353,2,2,1,0.5851428508758545
7354,2,2,1,0.6971139311790466
7355,2,2,1,0.6750625967979431
7356,2,2,1,0.6272174119949341
7357,2,2,1,0.2628220319747925
7358,2,2,1,0.7774956226348877
7359,2,2,1,0.6833694577217102
7360,2,0,0,0.5124245882034302
7361,2,2,1,0.5848640203475952
7362,2,2,1,0.7330269813537598
7363,2,2,1,0.47777315974235535
7364,2,2,1,0.692102313041687
7365,2,2,1,0.7470261454582214
7366,2,2,1,0.2965136468410492
7367,2,2,1,0.7224287986755371
7368,2,2,1,0.6076554656028748
7369,2,2,1,0.8770560622215271
7370,2,2,1,0.3783144950866699
7371,2,2,1,0.5241495966911316
7372,2,2,1,0.7737697958946228
7373,2,2,1,0.6522073149681091
7374,2,2,1,0.4367087185382843
7375,2,2,1,0.6012424230575562
7376,2,3,0,0.7976745367050171
7377,2,2,1,0.4902169704437256
7378,2,2,1,0.5832563042640686
7379,2,2,1,0.55182945728302
7380,2,2,1,0.6882600784301758
7381,2,2,1,0.4310922920703888
7382,2,2,1,0.7506137490272522
7383,2,2,1,0.6753133535385132
7384,2,2,1,0.6717807054519653
7385,2,2,1,0.7178434133529663
7386,2,2,1,0.594548761844635
7387,2,2,1,0.707476794719696
7388,2,2,1,0.658768892288208
7389,2,2,1,0.715068519115448
7390,2,2,1,0.6788109540939331
7391,2,2,1,0.6948626041412354
7392,2,2,1,0.6602012515068054
7393,2,2,1,0.6981080770492554
7394,2,2,1,0.7713964581489563
7395,2,2,1,0.6837332248687744
7396,2,2,1,0.6727113723754883
7397,2,2,1,0.4391077160835266
7398,2,2,1,0.5474249720573425
7399,2,2,1,0.7847697734832764
7400,2,2,1,0.6784611940383911
7401,2,2,1,0.6018391847610474
7402,2,2,1,0.1471303552389145
7403,2,2,1,0.5104328393936157
7404,2,2,1,0.7386471033096313
7405,2,2,1,0.6988077163696289
7406,2,2,1,0.5856570601463318
7407,2,2,1,0.7263779044151306
7408,2,2,1,0.5945703387260437
7409,2,2,1,0.5739485025405884
7410,2,2,1,0.6151131391525269
7411,2,0,0,0.33515462279319763
7412,2,2,1,0.4336034953594208
7413,2,2,1,0.596953809261322
7414,2,3,0,0.2581104040145874
7415,2,2,1,0.7565613389015198
7416,2,2,1,0.5757158398628235
7417,2,2,1,0.6879163980484009
7418,2,2,1,0.5782003998756409
7419,2,2,1,0.6537331938743591
7420,2,2,1,0.7679781317710876
7421,2,2,1,0.7039014101028442
7422,2,2,1,0.5508063435554504
7423,2,2,1,0.6857073903083801
7424,2,2,1,0.642978847026825
7425,2,2,1,0.7226743698120117
7426,2,2,1,0.6717349290847778
7427,2,2,1,0.6441120505332947
7428,2,2,1,0.6725525259971619
7429,2,2,1,0.6659015417098999
7430,2,2,1,0.6018253564834595
7431,2,0,0,0.12898297607898712
7432,2,2,1,0.44291049242019653
7433,2,2,1,0.7237387299537659
7434,2,0,0,0.20926901698112488
7435,2,2,1,0.670244574546814
7436,2,2,1,0.49675098061561584
7437,2,2,1,0.7124326825141907
7438,2,2,1,0.7697327136993408
7439,2,0,0,0.5370906591415405
7440,2,2,1,0.4653802514076233
7441,2,2,1,0.7453813552856445
7442,2,2,1,0.6718530654907227
7443,2,2,1,0.6112242937088013
7444,2,2,1,0.674994945526123
7445,2,2,1,0.6461126208305359
7446,2,2,1,0.6020919680595398
7447,2,3,0,0.49830862879753113
7448,2,2,1,0.6624775528907776
7449,2,2,1,0.5684789419174194
7450,2,2,1,0.7415036559104919
7451,2,2,1,0.7883691787719727
7452,2,2,1,0.6030343770980835
7453,2,2,1,0.8284677863121033
7454,2,2,1,0.4530726373195648
7455,2,2,1,0.21839255094528198
7456,2,2,1,0.6277114748954773
7457,2,2,1,0.7823137044906616
7458,2,2,1,0.7474377155303955
7459,2,2,1,0.6243348717689514
7460,2,2,1,0.61629319190979
7461,2,2,1,0.8221265077590942
7462,2,2,1,0.7737697958946228
7463,2,3,0,0.6362718939781189
7464,2,2,1,0.7178128957748413
7465,2,2,1,0.6428911685943604
7466,2,2,1,0.4343280792236328
7467,2,2,1,0.647144079208374
7468,2,2,1,0.47951194643974304
7469,2,2,1,0.798488438129425
7470,2,2,1,0.7539784908294678
7471,2,2,1,0.7811729907989502
7472,2,2,1,0.6614783406257629
7473,2,2,1,0.6460518836975098
7474,2,2,1,0.7115755677223206
7475,2,2,1,0.48795491456985474
7476,2,2,1,0.5860239267349243
7477,2,2,1,0.5393180251121521
7478,2,2,1,0.6482475996017456
7479,2,2,1,0.555783748626709
7480,2,2,1,0.6041479110717773
7481,2,2,1,0.5045338869094849
7482,2,2,1,0.7235485911369324
7483,2,2,1,0.5886663794517517
7484,2,3,0,0.12422337383031845
7485,2,2,1,0.5137465596199036
7486,2,2,1,0.6295596957206726
7487,2,2,1,0.7875338792800903
7488,2,2,1,0.4766087234020233
7489,2,2,1,0.7878391742706299
7490,2,2,1,0.8545958995819092
7491,2,2,1,0.6811001300811768
7492,2,2,1,0.7033730149269104
7493,2,2,1,0.716985285282135
7494,2,2,1,0.7966057062149048
7495,2,2,1,0.6718541979789734
7496,2,2,1,0.5440208315849304
7497,2,2,1,0.6843993663787842
7498,2,2,1,0.7808442115783691
7499,2,2,1,0.7243861556053162
7500,2,2,1,0.6037236452102661
7501,2,2,1,0.7398061156272888
7502,2,2,1,0.6510798931121826
7503,2,2,1,0.5704749822616577
7504,2,2,1,0.731848955154419
7505,2,2,1,0.7157666087150574
7506,2,2,1,0.6706485748291016
7507,2,2,1,0.5254719853401184
7508,2,2,1,0.7330825328826904
7509,2,2,1,0.7681869864463806
7510,2,2,1,0.7365420460700989
7511,2,2,1,0.6163010597229004
7512,2,2,1,0.7281118035316467
7513,2,2,1,0.5634821057319641
7514,2,2,1,0.5664168000221252
7515,2,2,1,0.45428624749183655
7516,2,0,0,0.6480283737182617
7517,2,0,0,0.6234947443008423
7518,2,2,1,0.579037606716156
7519,2,2,1,0.7315647006034851
7520,2,2,1,0.7136510014533997
7521,2,2,1,0.6193773150444031
7522,2,2,1,0.7942892909049988
7523,2,2,1,0.37835970520973206
7524,2,2,1,0.7403488755226135
7525,2,2,1,0.713520348072052
7526,2,2,1,0.7339644432067871
7527,2,2,1,0.691002368927002
7528,2,2,1,0.7837070822715759
7529,2,2,1,0.6699159145355225
7530,2,2,1,0.3963949680328369
7531,2,3,0,0.7145965099334717
7532,2,2,1,0.48487213253974915
7533,2,2,1,0.6112383604049683
7534,2,2,1,0.5210171937942505
7535,2,2,1,0.5756657719612122
7536,2,2,1,0.5850664377212524
7537,2,2,1,0.7441587448120117
7538,2,2,1,0.7127254605293274
7539,2,2,1,0.799906849861145
7540,2,2,1,0.6660553216934204
7541,2,2,1,0.7939683198928833
7542,2,2,1,0.4084736704826355
7543,2,2,1,0.6430942416191101
7544,2,2,1,0.44574975967407227
7545,2,2,1,0.6795449256896973
7546,2,3,0,0.0
7547,2,2,1,0.7119972109794617
7548,2,2,1,0.5928568840026855
7549,2,2,1,0.67023104429245
7550,2,2,1,0.8018225431442261
7551,2,2,1,0.6865434646606445
7552,2,2,1,0.7517728805541992
7553,2,2,1,0.6384567022323608
7554,2,2,1,0.6619001030921936
7555,2,2,1,0.779671847820282
7556,2,2,1,0.6741518378257751
7557,2,2,1,0.731082022190094
7558,2,2,1,0.6819771528244019
7559,2,0,0,0.1498510241508484
7560,2,2,1,0.6590520143508911
7561,2,1,0,0.0
7562,2,2,1,0.7273136377334595
7563,2,2,1,0.705963671207428
7564,2,3,0,0.9731049537658691
7565,2,2,1,0.3856081962585449
7566,2,2,1,0.6666415929794312
7567,2,2,1,0.6404184103012085
7568,2,2,1,0.7634310126304626
7569,2,2,1,0.5066460371017456
7570,2,2,1,0.6000682711601257
7571,2,2,1,0.4080082178115845
7572,2,2,1,0.6013088822364807
7573,2,1,0,0.9741324782371521
7574,2,2,1,0.7672731280326843
7575,2,2,1,0.5507820248603821
7576,2,2,1,0.6459216475486755
7577,2,3,0,0.7444483041763306
7578,2,2,1,0.8033682703971863
7579,2,2,1,0.6180816292762756
7580,2,2,1,0.7034399509429932
7581,2,2,1,0.6942490935325623
7582,2,2,1,0.7520219683647156
7583,2,2,1,0.47084474563598633
7584,2,2,1,0.7271515130996704
7585,2,2,1,0.5470160245895386
7586,2,2,1,0.635833203792572
7587,2,2,1,0.6571933031082153
7588,2,2,1,0.7079670429229736
7589,2,2,1,0.5453218221664429
7590,2,2,1,0.5103020668029785
7591,2,2,1,0.45350027084350586
7592,2,2,1,0.6559953689575195
7593,2,2,1,0.5044367909431458
7594,2,0,0,0.45252805948257446
7595,2,2,1,0.7511390447616577
7596,2,2,1,0.539617657661438
7597,2,2,1,0.5850997567176819
7598,2,2,1,0.6988716721534729
7599,2,2,1,0.7679055333137512
7600,2,2,1,0.7503770589828491
7601,2,2,1,0.6864904761314392
7602,2,2,1,0.6689773201942444
7603,2,2,1,0.7618517875671387
7604,2,2,1,0.617332935333252
7605,2,2,1,0.6435722708702087
7606,2,2,1,0.6788685917854309
7607,2,2,1,0.7127152681350708
7608,2,2,1,0.7071278095245361
7609,2,2,1,0.6380327939987183
7610,2,2,1,0.7379167675971985
7611,2,2,1,0.7129375338554382
7612,2,2,1,0.7042161822319031
7613,2,2,1,0.702452540397644
7614,2,2,1,0.547484278678894
7615,2,2,1,0.6706676483154297
7616,2,2,1,0.7265217900276184
7617,2,2,1,0.6031380295753479
7618,2,2,1,0.6193874478340149
7619,2,2,1,0.652276337146759
7620,2,2,1,0.5466649532318115
7621,2,2,1,0.6010921597480774
7622,2,0,0,0.7883102297782898
7623,2,2,1,0.6929426193237305
7624,2,2,1,0.610364556312561
7625,2,2,1,0.6847992539405823
7626,2,2,1,0.5464443564414978
7627,2,2,1,0.5276790857315063
7628,2,2,1,0.5288176536560059
7629,2,2,1,0.4459725320339203
7630,2,2,1,0.6368070840835571
7631,2,2,1,0.6820993423461914
7632,2,2,1,0.5223703980445862
7633,2,2,1,0.507968544960022
7634,2,2,1,0.4875934422016144
7635,2,2,1,0.4094677269458771
7636,2,2,1,0.725985586643219
7637,2,2,1,0.4802209734916687
7638,2,2,1,0.6514983177185059
7639,2,2,1,0.7872639298439026
7640,2,2,1,0.6254559755325317
7641,2,0,0,0.2076076865196228
7642,2,2,1,0.7979604601860046
7643,2,2,1,0.7822225093841553
7644,2,2,1,0.7759352922439575
7645,2,2,1,0.6214248538017273
7646,2,2,1,0.4759325683116913
7647,2,2,1,0.7762197852134705
7648,2,2,1,0.6899573802947998
7649,2,2,1,0.8114160299301147
7650,2,2,1,0.49052125215530396
7651,2,2,1,0.7544026970863342
7652,2,2,1,0.8176418542861938
7653,2,2,1,0.3288170397281647
7654,2,2,1,0.5680719614028931
7655,2,2,1,0.6197266578674316
7656,2,2,1,0.7779161334037781
7657,2,2,1,0.7951532602310181
7658,2,2,1,0.6483293771743774
7659,2,2,1,0.7353953123092651
7660,2,2,1,0.6198684573173523
7661,2,2,1,0.6132335662841797
7662,2,2,1,0.5112025141716003
7663,2,2,1,0.6584442257881165
7664,2,2,1,0.7863436341285706
7665,2,2,1,0.5206567645072937
7666,2,2,1,0.46477243304252625
7667,2,2,1,0.5559009909629822
7668,2,2,1,0.6823383569717407
7669,2,2,1,0.7164027094841003
7670,2,2,1,0.7102089524269104
7671,2,2,1,0.6790774464607239
7672,2,2,1,0.7257217168807983
7673,2,2,1,0.7440245151519775
7674,2,2,1,0.5221973657608032
7675,2,2,1,0.5311681032180786
7676,2,2,1,0.6888129711151123
7677,2,2,1,0.5651219487190247
7678,2,2,1,0.5891405940055847
7679,2,2,1,0.6593457460403442
7680,2,2,1,0.7745073437690735
7681,2,2,1,0.7559364438056946
7682,2,2,1,0.7715513706207275
7683,2,2,1,0.6943199634552002
7684,2,2,1,0.3805414140224457
7685,2,2,1,0.620923638343811
7686,2,2,1,0.619546115398407
7687,2,2,1,0.20347318053245544
7688,2,2,1,0.6148881912231445
7689,2,0,0,0.4595920145511627
7690,2,2,1,0.6688286662101746
7691,2,2,1,0.5287325382232666
7692,2,3,0,0.7039127945899963
7693,2,2,1,0.6960180401802063
7694,2,2,1,0.5009130239486694
7695,2,2,1,0.8868643045425415
7696,2,2,1,0.6781976819038391
7697,2,2,1,0.7064058780670166
7698,2,2,1,0.8080078363418579
7699,2,2,1,0.5847498774528503
7700,2,2,1,0.776637077331543
7701,2,2,1,0.5210099816322327
7702,2,2,1,0.778564989566803
7703,2,2,1,0.7830234169960022
7704,2,2,1,0.6899426579475403
7705,2,2,1,0.5671147108078003
7706,2,2,1,0.5816171169281006
7707,2,0,0,0.6508681774139404
7708,2,2,1,0.7144074440002441
7709,2,2,1,0.7182930111885071
7710,2,2,1,0.7764225006103516
7711,2,2,1,0.5923543572425842
7712,2,3,0,0.39191094040870667
7713,2,2,1,0.41326627135276794
7714,2,2,1,0.4729308784008026
7715,2,2,1,0.7153636813163757
7716,2,2,1,0.7692054510116577
7717,2,2,1,0.5458465814590454
7718,2,2,1,0.6840510368347168
7719,2,2,1,0.652320921421051
7720,2,2,1,0.4513557553291321
7721,2,2,1,0.7370408773422241
7722,2,2,1,0.6769453883171082
7723,2,2,1,0.6814754605293274
7724,2,2,1,0.7826486229896545
7725,2,2,1,0.7611886262893677
7726,2,2,1,0.7222460508346558
7727,2,2,1,0.49794596433639526
7728,2,2,1,0.7340753078460693
7729,2,2,1,0.5956002473831177
7730,2,2,1,0.6017323732376099
7731,2,2,1,0.6298676133155823
7732,2,2,1,0.48074862360954285
7733,2,2,1,0.5219196677207947
7734,2,0,0,0.11255718022584915
7735,2,2,1,0.32595136761665344
7736,2,2,1,0.6698331236839294
7737,2,2,1,0.8257184624671936
7738,2,2,1,0.6298245787620544
7739,2,2,1,0.6603932976722717
7740,2,2,1,0.5418334603309631
7741,2,2,1,0.7703267931938171
7742,2,2,1,0.7516713738441467
7743,2,2,1,0.5579284429550171
7744,2,2,1,0.5216425657272339
7745,2,2,1,0.7666381001472473
7746,2,2,1,0.6647743582725525
7747,2,2,1,0.7365613579750061
7748,2,2,1,0.5178757905960083
7749,2,2,1,0.7731176614761353
7750,2,3,0,0.6613723039627075
7751,2,2,1,0.7888102531433105
7752,2,2,1,0.8146612048149109
7753,2,2,1,0.46023231744766235
7754,2,2,1,0.7919573783874512
7755,2,2,1,0.36934980750083923
7756,2,2,1,0.7980074286460876
7757,2,0,0,0.22689276933670044
7758,2,2,1,0.6248189806938171
7759,2,2,1,0.6995062828063965
7760,2,2,1,0.8036719560623169
7761,2,2,1,0.5645201802253723
7762,2,2,1,0.6180071830749512
7763,2,2,1,0.7748339176177979
7764,2,2,1,0.5604679584503174
7765,2,2,1,0.7459972500801086
7766,2,2,1,0.5675856471061707
7767,2,2,1,0.7207480072975159
7768,2,3,0,0.06182276830077171
7769,2,2,1,0.6884148120880127
7770,2,2,1,0.6692848801612854
7771,2,2,1,0.6589357256889343
7772,2,2,1,0.6180917024612427
7773,2,3,0,0.0
7774,2,2,1,0.3892282247543335
7775,2,2,1,0.7711120247840881
7776,2,2,1,0.5061964988708496
7777,2,2,1,0.7352749109268188
7778,2,2,1,0.5497969388961792
7779,2,2,1,0.5125521421432495
7780,2,2,1,0.6962644457817078
7781,2,2,1,0.8037158250808716
7782,2,2,1,0.6864904761314392
7783,2,2,1,0.5676396489143372
7784,2,2,1,0.7506067156791687
7785,2,2,1,0.6663312315940857
7786,2,2,1,0.703213632106781
7787,2,2,1,0.8176616430282593
7788,2,2,1,0.6870585083961487
7789,2,2,1,0.6456815004348755
7790,2,2,1,0.611439049243927
7791,2,2,1,0.5283368229866028
7792,2,2,1,0.789227306842804
7793,2,2,1,0.743594765663147
7794,2,2,1,0.589078426361084
7795,2,2,1,0.6833321452140808
7796,2,2,1,0.6180282831192017
7797,2,2,1,0.7698786854743958
7798,2,3,0,0.7201133966445923
7799,2,2,1,0.4255330562591553
7800,2,2,1,0.6512193083763123
7801,2,2,1,0.5158097147941589
7802,2,2,1,0.7592336535453796
7803,2,2,1,0.5744874477386475
7804,2,2,1,0.6415187120437622
7805,2,2,1,0.7833759188652039
7806,2,2,1,0.5364106893539429
7807,2,2,1,0.7526496648788452
7808,2,2,1,0.6737003922462463
7809,2,2,1,0.5545075535774231
7810,2,2,1,0.7355049252510071
7811,2,2,1,0.6608022451400757
7812,2,2,1,0.8429312705993652
7813,2,2,1,0.6022754907608032
7814,2,2,1,0.6573755145072937
7815,2,2,1,0.7282535433769226
7816,2,2,1,0.6405125260353088
7817,2,2,1,0.6840074062347412
7818,2,2,1,0.7899554967880249
7819,2,2,1,0.5701186060905457
7820,2,3,0,0.5998618602752686
7821,2,2,1,0.4005747139453888
7822,2,2,1,0.758209764957428
7823,2,2,1,0.3911750614643097
7824,2,2,1,0.7330833673477173
7825,2,2,1,0.6117183566093445
7826,2,2,1,0.6466976404190063
7827,2,2,1,0.5339438319206238
7828,2,2,1,0.6020598411560059
7829,2,2,1,0.6653997302055359
7830,2,2,1,0.6148980855941772
7831,2,2,1,0.7107431888580322
7832,2,2,1,0.5071878433227539
7833,2,2,1,0.6584723591804504
7834,2,2,1,0.5075459480285645
7835,2,2,1,0.7353953123092651
7836,2,2,1,0.7807820439338684
7837,2,2,1,0.5593230128288269
7838,2,0,0,0.6348013281822205
7839,2,2,1,0.3247462809085846
7840,2,2,1,0.795885443687439
7841,2,2,1,0.6698892712593079
7842,2,2,1,0.7347745299339294
7843,2,2,1,0.6884059906005859
7844,2,2,1,0.6502535343170166
7845,2,2,1,0.6392165422439575
7846,2,2,1,0.5956514477729797
7847,2,2,1,0.4981963038444519
7848,2,2,1,0.5532666444778442
7849,2,2,1,0.6780506372451782
7850,2,2,1,0.6127219796180725
7851,2,0,0,0.5214899778366089
7852,2,2,1,0.6691219806671143
7853,2,2,1,0.5907978415489197
7854,2,2,1,0.7848691344261169
7855,2,2,1,0.5287461876869202
7856,2,2,1,0.690559446811676
7857,2,2,1,0.7662941813468933
7858,2,3,0,0.24738933145999908
7859,2,2,1,0.6627870202064514
7860,2,2,1,0.694990336894989
7861,2,2,1,0.5163177251815796
7862,2,2,1,0.6339115500450134
7863,2,2,1,0.6276547312736511
7864,2,2,1,0.6751388311386108
7865,2,2,1,0.4236660599708557
7866,2,2,1,0.5003021359443665
7867,2,2,1,0.7375515699386597
7868,2,2,1,0.6685421466827393
7869,2,2,1,0.7014426589012146
7870,2,2,1,0.6601210236549377
7871,2,2,1,0.7818520069122314
7872,2,0,0,0.6959328651428223
7873,2,2,1,0.5754833221435547
7874,2,2,1,0.7561755776405334
7875,2,2,1,0.5029322504997253
7876,2,2,1,0.7350803017616272
7877,2,2,1,0.6091541051864624
7878,2,2,1,0.6926575303077698
7879,2,2,1,0.5738149881362915
7880,2,2,1,0.6565160751342773
7881,2,2,1,0.5507463216781616
7882,2,2,1,0.5517144799232483
7883,2,2,1,0.6988547444343567
7884,2,2,1,0.5069026947021484
7885,2,2,1,0.7703580856323242
7886,2,2,1,0.5940998792648315
7887,2,2,1,0.2593466341495514
7888,2,2,1,0.6205381751060486
7889,2,3,0,0.7936623692512512
7890,2,2,1,0.44665616750717163
7891,2,2,1,0.6366777420043945
7892,2,2,1,0.43674781918525696
7893,2,2,1,0.670566201210022
7894,2,2,1,0.7333224415779114
7895,2,2,1,0.5010469555854797
7896,2,2,1,0.8051368594169617
7897,2,2,1,0.6459128260612488
7898,2,2,1,0.5630794763565063
7899,2,2,1,0.5662963390350342
7900,2,2,1,0.6467780470848083
7901,2,2,1,0.6057347059249878
7902,2,2,1,0.7221400141716003
7903,2,2,1,0.5854827761650085
7904,2,2,1,0.45688843727111816
7905,2,2,1,0.548040509223938
7906,2,2,1,0.549496591091156
7907,2,2,1,0.7058627605438232
7908,2,2,1,0.5618253946304321
7909,2,2,1,0.7299099564552307
7910,2,2,1,0.5899906158447266
7911,2,2,1,0.5535198450088501
7912,2,2,1,0.7149590849876404
7913,2,3,0,0.8730278611183167
7914,2,2,1,0.6837589740753174
7915,2,2,1,0.5364760160446167
7916,2,2,1,0.5441903471946716
7917,2,2,1,0.6317336559295654
7918,2,2,1,0.5437189936637878
7919,2,0,0,0.30174964666366577
7920,2,2,1,0.7385265827178955
7921,2,2,1,0.37133142352104187
7922,2,3,0,0.9062310457229614
7923,2,2,1,0.5984798073768616
7924,2,2,1,0.4866347014904022
7925,2,2,1,0.7501009106636047
7926,2,2,1,0.861703634262085
7927,2,2,1,0.5675943493843079
7928,2,2,1,0.5477468967437744
7929,2,2,1,0.20114898681640625
7930,2,2,1,0.756374716758728
7931,2,2,1,0.4973304271697998
7932,2,2,1,0.5297918319702148
7933,2,2,1,0.6495783925056458
7934,2,2,1,0.689878523349762
7935,2,0,0,0.45743685960769653
7936,2,2,1,0.7263059616088867
7937,2,2,1,0.4194808602333069
7938,2,3,0,0.8441287279129028
7939,2,2,1,0.6678552627563477
7940,2,2,1,0.23788031935691833
7941,2,2,1,0.8215140700340271
7942,2,2,1,0.6679093837738037
7943,2,2,1,0.7223805785179138
7944,2,2,1,0.6358090043067932
7945,2,2,1,0.8608638048171997
7946,2,2,1,0.4152904450893402
7947,2,2,1,0.6328606009483337
7948,2,2,1,0.606673538684845
7949,2,2,1,0.5648386478424072
7950,2,3,0,0.36427414417266846
7951,2,2,1,0.46434280276298523
7952,2,2,1,0.6678956747055054
7953,2,2,1,0.7789369225502014
7954,2,2,1,0.5552829504013062
7955,2,2,1,0.7250407934188843
7956,2,2,1,0.6681467294692993
7957,2,2,1,0.41389888525009155
7958,2,2,1,0.6761699914932251
7959,2,2,1,0.4791901707649231
7960,2,2,1,0.6709757447242737
7961,2,2,1,0.5690014362335205
7962,2,2,1,0.6330164670944214
7963,2,2,1,0.49798616766929626
7964,2,2,1,0.785912036895752
7965,2,2,1,0.792256236076355
7966,2,2,1,0.4275735318660736
7967,2,2,1,0.7642109394073486
7968,2,2,1,0.5266585350036621
7969,2,2,1,0.5362204313278198
7970,2,2,1,0.7499479651451111
7971,2,2,1,0.801338255405426
7972,2,2,1,0.5490683913230896
7973,2,2,1,0.6692849397659302
7974,2,2,1,0.7788320779800415
7975,2,2,1,0.5498971343040466
7976,2,2,1,0.5138989686965942
7977,2,2,1,0.6166868209838867
7978,2,2,1,0.7047412395477295
7979,2,2,1,0.7642602920532227
7980,2,3,0,0.751872718334198
7981,2,2,1,0.7843999266624451
7982,2,0,0,0.7636814117431641
7983,2,2,1,0.6003507375717163
7984,2,2,1,0.4644145667552948
7985,2,2,1,0.7106969952583313
7986,2,2,1,0.41888687014579773
7987,2,2,1,0.6566436290740967
7988,2,0,0,0.23319120705127716
7989,2,2,1,0.5334702730178833
7990,2,2,1,0.6631394028663635
7991,2,2,1,0.6466172933578491
7992,2,2,1,0.8285713791847229
7993,2,2,1,0.6224678754806519
7994,2,3,0,0.15153400599956512
7995,2,2,1,0.5988927483558655
7996,2,2,1,0.7396592497825623
7997,2,2,1,0.6121606230735779
7998,2,2,1,0.44898098707199097
7999,2,2,1,0.7312982082366943
8000,2,2,1,0.8299383521080017
8001,2,2,1,0.6520774364471436
8002,2,2,1,0.7327297329902649
8003,2,2,1,0.7486636638641357
8004,2,2,1,0.7554596662521362
8005,2,2,1,0.663786768913269
8006,2,2,1,0.6682526469230652
8007,2,3,0,0.6664465069770813
8008,2,2,1,0.5448563098907471
8009,2,2,1,0.5512279272079468
8010,2,2,1,0.6118588447570801
8011,2,2,1,0.6657930612564087
8012,2,2,1,0.8103452920913696
8013,2,2,1,0.553193986415863
8014,2,2,1,0.7652957439422607
8015,2,2,1,0.6945596933364868
8016,2,2,1,0.7142223119735718
8017,2,2,1,0.7118331789970398
8018,2,0,0,0.3370029032230377
8019,2,0,0,0.34429940581321716
8020,2,2,1,0.6774189472198486
8021,2,2,1,0.6256647109985352
8022,2,2,1,0.5430170893669128
8023,2,2,1,0.7742581367492676
8024,2,2,1,0.5539813041687012
8025,2,2,1,0.5882372260093689
8026,2,2,1,0.41445422172546387
8027,2,2,1,0.7017161846160889
8028,2,2,1,0.7604222893714905
8029,2,2,1,0.6922507882118225
8030,2,2,1,0.6003506183624268
8031,2,2,1,0.6550093293190002
8032,2,2,1,0.7149590849876404
8033,2,2,1,0.6298245787620544
8034,2,2,1,0.5318395495414734
8035,2,2,1,0.6762737035751343
8036,2,2,1,0.6813463568687439
8037,2,2,1,0.20345818996429443
8038,2,2,1,0.6069273352622986
8039,2,2,1,0.7694005370140076
8040,2,2,1,0.5210156440734863
8041,2,2,1,0.5329717397689819
8042,2,2,1,0.5465750098228455
8043,2,2,1,0.7283865213394165
8044,2,2,1,0.5905573964118958
8045,2,2,1,0.691261351108551
8046,2,3,0,0.6952577233314514
8047,2,1,0,0.24426645040512085
8048,2,2,1,0.691421389579773
8049,2,2,1,0.4487210810184479
8050,2,2,1,0.7338215112686157
8051,2,2,1,0.7403374910354614
8052,2,2,1,0.6553131341934204
8053,2,2,1,0.46170881390571594
8054,2,3,0,0.7147788405418396
8055,2,2,1,0.5061704516410828
8056,2,0,0,0.7144712209701538
8057,2,2,1,0.6332993507385254
8058,2,2,1,0.7080302238464355
8059,2,2,1,0.7562813758850098
8060,2,0,0,0.619270384311676
8061,2,2,1,0.7556095719337463
8062,2,2,1,0.7083669304847717
8063,2,2,1,0.697972297668457
8064,2,2,1,0.8076383471488953
8065,2,2,1,0.7946650385856628
8066,2,2,1,0.7636500000953674
8067,2,2,1,0.4790234863758087
8068,2,2,1,0.6937808990478516
8069,2,2,1,0.5934009552001953
8070,2,2,1,0.5184957385063171
8071,2,2,1,0.6444571018218994
8072,2,2,1,0.6716349720954895
8073,2,2,1,0.605697512626648
8074,2,2,1,0.6193874478340149
8075,2,2,1,0.5714974999427795
8076,2,3,0,0.6334652900695801
8077,2,2,1,0.44582003355026245
8078,2,2,1,0.5540032386779785
8079,2,2,1,0.745094895362854
8080,2,2,1,0.6840177178382874
8081,2,2,1,0.5559605360031128
8082,2,2,1,0.3141131103038788
8083,2,2,1,0.49807533621788025
8084,2,2,1,0.6737780570983887
8085,2,2,1,0.5614690184593201
8086,2,2,1,0.5473337769508362
8087,2,2,1,0.6444020867347717
8088,2,0,0,0.5966070294380188
8089,2,2,1,0.7027509212493896
8090,2,2,1,0.47223350405693054
8091,2,2,1,0.38959890604019165
8092,2,2,1,0.4844580590724945
8093,2,2,1,0.6124023199081421
8094,2,2,1,0.719832718372345
8095,2,2,1,0.7155450582504272
8096,2,2,1,0.587103545665741
8097,2,2,1,0.649531364440918
8098,2,2,1,0.6410990357398987
8099,2,2,1,0.7991630434989929
8100,2,2,1,0.7117955088615417
8101,2,2,1,0.2890404164791107
8102,2,3,0,0.8144030570983887
8103,2,2,1,0.7253556251525879
8104,2,2,1,0.613667368888855
8105,2,2,1,0.593403160572052
8106,2,2,1,0.7239949107170105
8107,2,2,1,0.7408053874969482
8108,2,2,1,0.6404989957809448
8109,2,2,1,0.408269464969635
8110,2,2,1,0.7224287986755371
8111,2,3,0,0.8087853789329529
8112,2,2,1,0.43753182888031006
8113,2,2,1,0.7020168304443359
8114,2,2,1,0.8320856094360352
8115,2,2,1,0.5130801200866699
8116,2,2,1,0.5163846611976624
8117,2,2,1,0.5895592570304871
8118,2,2,1,0.30695638060569763
8119,2,2,1,0.6376973986625671
8120,2,1,0,0.33306458592414856
8121,2,2,1,0.7279735803604126
8122,2,0,0,0.7482894659042358
8123,2,2,1,0.5319825410842896
8124,2,2,1,0.7117866277694702
8125,2,2,1,0.4573734700679779
8126,2,2,1,0.7470663189888
8127,2,2,1,0.6279433965682983
8128,2,2,1,0.7593936920166016
8129,2,2,1,0.7685357928276062
8130,2,2,1,0.6759384870529175
8131,2,2,1,0.6980136036872864
8132,2,2,1,0.42693284153938293
8133,2,2,1,0.5791207551956177
8134,2,2,1,0.5316171646118164
8135,2,2,1,0.8142327070236206
8136,2,2,1,0.6306129097938538
8137,2,2,1,0.7145353555679321
8138,2,2,1,0.5264097452163696
8139,2,2,1,0.6610246300697327
8140,2,2,1,0.7326428890228271
8141,2,2,1,0.5963197350502014
8142,2,2,1,0.7713964581489563
8143,2,2,1,0.6962684392929077
8144,2,2,1,0.41635048389434814
8145,2,2,1,0.7057226300239563
8146,2,2,1,0.7845386266708374
8147,2,2,1,0.6588655710220337
8148,2,2,1,0.6697371602058411
8149,2,2,1,0.7577570080757141
8150,2,3,0,0.7259860634803772
8151,2,2,1,0.5990468263626099
8152,2,2,1,0.5925808548927307
8153,2,2,1,0.8147825002670288
8154,2,2,1,0.7055362462997437
8155,2,2,1,0.7194557785987854
8156,2,2,1,0.5483335852622986
8157,2,2,1,0.7930521965026855
8158,2,2,1,0.4885435402393341
8159,2,2,1,0.7738445997238159
8160,2,2,1,0.6540666818618774
8161,2,2,1,0.6173487901687622
8162,2,2,1,0.44399943947792053
8163,2,2,1,0.689454972743988
8164,2,2,1,0.5595194101333618
8165,2,2,1,0.7063032984733582
8166,2,2,1,0.7180521488189697
8167,2,2,1,0.5361442565917969
8168,2,2,1,0.7770808339118958
8169,2,2,1,0.6567218899726868
8170,2,2,1,0.7180898189544678
8171,2,2,1,0.5931570529937744
8172,2,2,1,0.8537304997444153
8173,2,2,1,0.7230556011199951
8174,2,2,1,0.5456725358963013
8175,2,2,1,0.5941398739814758
8176,2,2,1,0.5827035307884216
8177,2,2,1,0.6334502100944519
8178,2,3,0,0.8301249742507935
8179,2,2,1,0.5676226615905762
8180,2,2,1,0.6189810633659363
8181,2,2,1,0.6731976866722107
8182,2,2,1,0.74360591173172
8183,2,2,1,0.6962933540344238
8184,2,2,1,0.6679760813713074
8185,2,2,1,0.6550970077514648
8186,2,2,1,0.7893491387367249
8187,2,0,0,0.7743712067604065
8188,2,2,1,0.6519002914428711
8189,2,2,1,0.7687925696372986
8190,2,2,1,0.6483936309814453
8191,2,2,1,0.762040913105011
8192,2,2,1,0.7219464778900146
8193,2,3,0,0.5822746753692627
8194,2,2,1,0.5768460631370544
8195,2,2,1,0.6502193212509155
8196,2,2,1,0.722652792930603
8197,2,2,1,0.5272249579429626
8198,2,2,1,0.591399610042572
8199,2,2,1,0.6642179489135742
8200,2,2,1,0.4225896894931793
8201,2,3,0,0.7518602609634399
8202,2,2,1,0.7267089486122131
8203,2,2,1,0.6205583214759827
8204,2,1,0,0.0
8205,2,2,1,0.7579134702682495
8206,2,2,1,0.5201187133789062
8207,2,2,1,0.6702529191970825
8208,2,2,1,0.7498228549957275
8209,2,2,1,0.8106487393379211
8210,2,2,1,0.8033682703971863
8211,2,2,1,0.48262083530426025
8212,2,2,1,0.6554163098335266
8213,2,2,1,0.44944071769714355
8214,2,2,1,0.6341786980628967
8215,2,2,1,0.8466367721557617
8216,2,2,1,0.5933911800384521
8217,2,2,1,0.7732405662536621
8218,2,2,1,0.634531557559967
8219,2,2,1,0.4734054505825043
8220,2,2,1,0.6545533537864685
8221,2,2,1,0.6150807738304138
8222,2,2,1,0.7309240698814392
8223,2,2,1,0.47078055143356323
8224,2,2,1,0.5159809589385986
8225,2,2,1,0.18306350708007812
8226,2,0,0,0.5114055871963501
8227,2,2,1,0.7263907194137573
8228,2,2,1,0.6898410320281982
8229,2,2,1,0.6398736238479614
8230,2,2,1,0.5375463366508484
8231,2,2,1,0.835446834564209
8232,2,2,1,0.45350027084350586
8233,2,2,1,0.76522296667099
8234,2,2,1,0.5933660864830017
8235,2,2,1,0.419918417930603
8236,2,3,0,0.36667177081108093
8237,2,0,0,0.4239993691444397
8238,2,2,1,0.7865502834320068
8239,2,2,1,0.5701190829277039
8240,2,2,1,0.7128623127937317
8241,2,2,1,0.6391931176185608
8242,2,2,1,0.569298267364502
8243,2,2,1,0.6374562382698059
8244,2,2,1,0.6004147529602051
8245,2,2,1,0.7231845855712891
8246,2,0,0,0.7030555009841919
8247,2,2,1,0.6049053072929382
8248,2,2,1,0.6284199357032776
8249,2,2,1,0.6129549145698547
8250,2,2,1,0.7398863434791565
8251,2,2,1,0.6518803238868713
8252,2,2,1,0.6841751337051392
8253,2,2,1,0.5272148847579956
8254,2,2,1,0.5844665765762329
8255,2,2,1,0.6328606009483337
8256,2,2,1,0.7443118095397949
8257,2,2,1,0.5326988697052002
8258,2,3,0,0.5848879218101501
8259,2,2,1,0.5962006449699402
8260,2,2,1,0.6166280508041382
8261,2,2,1,0.7610448002815247
8262,2,2,1,0.7290661931037903
8263,2,2,1,0.7409612536430359
8264,2,2,1,0.5253757238388062
8265,2,2,1,0.20439569652080536
8266,2,2,1,0.6866028904914856
8267,2,2,1,0.7986049652099609
8268,2,2,1,0.7318110466003418
8269,2,2,1,0.43888285756111145
8270,2,2,1,0.7352142333984375
8271,2,2,1,0.6666432023048401
8272,2,2,1,0.7352609038352966
8273,2,2,1,0.7348672747612
8274,2,2,1,0.47719714045524597
8275,2,2,1,0.5025817155838013
8276,2,2,1,0.6260683536529541
8277,2,2,1,0.3336663842201233
8278,2,2,1,0.4585946798324585
8279,2,2,1,0.5332174897193909
8280,2,2,1,0.6447556614875793
8281,2,2,1,0.4200965166091919
8282,2,2,1,0.7079930305480957
8283,2,2,1,0.6696940660476685
8284,2,2,1,0.3071655035018921
8285,2,2,1,0.21409498155117035
8286,2,2,1,0.6754994988441467
8287,2,3,0,0.8119089007377625
8288,2,2,1,0.7014527916908264
8289,2,2,1,0.6708967089653015
8290,2,2,1,0.7221730947494507
8291,2,2,1,0.6577184200286865
8292,2,2,1,0.4983570873737335
8293,2,2,1,0.6285090446472168
8294,2,2,1,0.6639178991317749
8295,2,2,1,0.5450468063354492
8296,2,2,1,0.6240367889404297
8297,2,2,1,0.6794100403785706
8298,2,3,0,0.8574520945549011
8299,2,2,1,0.7747668027877808
8300,2,2,1,0.7593164443969727
8301,2,2,1,0.7304815649986267
8302,2,2,1,0.5090945959091187
8303,2,2,1,0.6349673867225647
8304,2,2,1,0.43852487206459045
8305,2,2,1,0.6244097948074341
8306,2,2,1,0.5311591625213623
8307,2,2,1,0.5717934966087341
8308,2,2,1,0.6259121298789978
8309,2,2,1,0.5601743459701538
8310,2,0,0,0.5881054997444153
8311,2,2,1,0.7364835739135742
8312,2,2,1,0.7507331371307373
8313,2,2,1,0.77373206615448
8314,2,2,1,0.757820725440979
8315,2,2,1,0.5771235227584839
8316,2,2,1,0.8480553030967712
8317,2,2,1,0.5811040997505188
8318,2,2,1,0.63563072681427
8319,2,2,1,0.537597119808197
8320,2,2,1,0.7171996235847473
8321,2,2,1,0.6533627510070801
8322,2,2,1,0.761570155620575
8323,2,2,1,0.5394896864891052
8324,2,2,1,0.49350547790527344
8325,2,2,1,0.7187490463256836
8326,2,2,1,0.6773421168327332
8327,2,2,1,0.6496539115905762
8328,2,2,1,0.44437161087989807
8329,2,2,1,0.22686390578746796
8330,2,2,1,0.748489260673523
8331,2,2,1,0.6527128219604492
8332,2,2,1,0.5994426012039185
8333,2,3,0,0.5355878472328186
8334,2,2,1,0.5148173570632935
8335,2,1,0,0.2606925070285797
8336,2,2,1,0.7391688227653503
8337,2,2,1,0.6005251407623291
8338,2,0,0,0.5902729034423828
8339,2,2,1,0.6742908358573914
8340,2,2,1,0.5901620388031006
8341,2,2,1,0.7365688681602478
8342,2,2,1,0.5588822364807129
8343,2,2,1,0.5992978811264038
8344,2,2,1,0.7410058975219727
8345,2,2,1,0.7760820984840393
8346,2,2,1,0.7316747307777405
8347,2,2,1,0.7469791173934937
8348,2,2,1,0.6636846661567688
8349,2,2,1,0.2529674470424652
8350,2,2,1,0.6261848211288452
8351,2,2,1,0.6719236373901367
8352,2,2,1,0.46828311681747437
8353,2,2,1,0.7591848969459534
8354,2,2,1,0.643537163734436
8355,2,2,1,0.6508963108062744
8356,2,2,1,0.7160050868988037
8357,2,2,1,0.6730114221572876
8358,2,2,1,0.6856051087379456
8359,2,2,1,0.6043709516525269
8360,2,2,1,0.7215777039527893
8361,2,3,0,0.47081372141838074
8362,2,2,1,0.5774447917938232
8363,2,2,1,0.5667079091072083
8364,2,2,1,0.5633349418640137
8365,2,2,1,0.702800989151001
8366,2,2,1,0.5489319562911987
8367,2,3,0,0.8652802109718323
8368,2,2,1,0.49712586402893066
8369,2,2,1,0.5740898847579956
8370,2,2,1,0.6247173547744751
8371,2,2,1,0.7408040165901184
8372,2,2,1,0.7342419624328613
8373,2,2,1,0.4903275966644287
8374,2,0,0,0.7085459232330322
8375,2,2,1,0.6359440684318542
8376,2,2,1,0.6006209254264832
8377,2,2,1,0.6377103328704834
8378,2,2,1,0.7526456117630005
8379,2,2,1,0.6823918223381042
8380,2,2,1,0.7299133539199829
8381,2,2,1,0.6489154696464539
8382,2,2,1,0.5016642808914185
8383,2,2,1,0.5378108620643616
8384,2,2,1,0.5976288318634033
8385,2,2,1,0.739004373550415
8386,2,2,1,0.6540918350219727
8387,2,2,1,0.7705997824668884
8388,2,2,1,0.6669716835021973
8389,2,2,1,0.5981703996658325
8390,2,2,1,0.7155544757843018
8391,2,2,1,0.7660250067710876
8392,2,2,1,0.7746574878692627
8393,2,2,1,0.5479037165641785
8394,2,2,1,0.6668515801429749
8395,2,2,1,0.6913056373596191
8396,2,2,1,0.6043867468833923
8397,2,2,1,0.7813902497291565
8398,2,2,1,0.6705020666122437
8399,2,2,1,0.7464489340782166
8400,2,2,1,0.739179253578186
8401,2,2,1,0.5115890502929688
8402,2,2,1,0.5145744681358337
8403,2,2,1,0.591292679309845
8404,2,2,1,0.7122260928153992
8405,2,2,1,0.6809008121490479
8406,2,2,1,0.558948278427124
8407,2,2,1,0.5264396667480469
8408,2,2,1,0.615273654460907
8409,2,2,1,0.6995239853858948
8410,2,2,1,0.7899348735809326
8411,2,2,1,0.5483335256576538
8412,2,2,1,0.6268221735954285
8413,2,3,0,0.7423890233039856
8414,2,2,1,0.6623897552490234
8415,2,2,1,0.7367274761199951
8416,2,2,1,0.4728546142578125
8417,2,2,1,0.5514975786209106
8418,2,2,1,0.7308360934257507
8419,2,2,1,0.5250465273857117
8420,2,2,1,0.7010024189949036
8421,2,2,1,0.6848176717758179
8422,2,2,1,0.7283843159675598
8423,2,2,1,0.67428058385849
8424,2,2,1,0.5772730708122253
8425,2,2,1,0.5969589948654175
8426,2,2,1,0.7112473249435425
8427,2,2,1,0.6852678656578064
8428,2,2,1,0.7954842448234558
8429,2,2,1,0.7084491848945618
8430,2,2,1,0.5588752031326294
8431,2,2,1,0.7140586972236633
8432,2,2,1,0.7008230686187744
8433,2,2,1,0.5826276540756226
8434,2,2,1,0.6579697728157043
8435,2,2,1,0.7208521962165833
8436,2,2,1,0.7141329646110535
8437,2,2,1,0.6710501313209534
8438,2,2,1,0.438362181186676
8439,2,2,1,0.7382074594497681
8440,2,2,1,0.4715888798236847
8441,2,2,1,0.7718716859817505
8442,2,2,1,0.5704517960548401
8443,2,2,1,0.424439013004303
8444,2,2,1,0.5188782811164856
8445,2,2,1,0.5902994871139526
8446,2,2,1,0.5052080154418945
8447,2,2,1,0.8208122849464417
8448,2,2,1,0.39949774742126465
8449,2,2,1,0.7211285829544067
8450,2,2,1,0.502212405204773
8451,2,2,1,0.7130871415138245
8452,2,2,1,0.40381303429603577
8453,2,2,1,0.6023861765861511
8454,2,2,1,0.6861740350723267
8455,2,2,1,0.7629410624504089
8456,2,2,1,0.7540647983551025
8457,2,2,1,0.6076413989067078
8458,2,2,1,0.6819173097610474
8459,2,2,1,0.26457470655441284
8460,2,2,1,0.6562445163726807
8461,2,2,1,0.46022874116897583
8462,2,2,1,0.9578840136528015
8463,2,2,1,0.5006324052810669
8464,2,2,1,0.6994463801383972
8465,2,2,1,0.6290384531021118
8466,2,2,1,0.5647904872894287
8467,2,2,1,0.602378785610199
8468,2,2,1,0.5683242678642273
8469,2,2,1,0.6286742687225342
8470,2,2,1,0.5717055201530457
8471,2,2,1,0.3449398875236511
8472,2,2,1,0.32593047618865967
8473,2,2,1,0.7564629316329956
8474,2,2,1,0.6606678366661072
8475,2,2,1,0.6618452072143555
8476,2,2,1,0.5434656739234924
8477,2,3,0,0.7758035063743591
8478,2,3,0,0.6450644731521606
8479,2,3,0,0.6208198666572571
8480,2,0,0,0.48671579360961914
8481,2,2,1,0.6211437582969666
8482,2,2,1,0.82527095079422
8483,2,1,0,0.8846459984779358
8484,2,2,1,0.5853841304779053
8485,2,2,1,0.5308804512023926
8486,2,2,1,0.7428109049797058
8487,2,2,1,0.7509726881980896
8488,2,2,1,0.6199623942375183
8489,2,2,1,0.5349544882774353
8490,2,2,1,0.713546633720398
8491,2,2,1,0.6232518553733826
8492,2,2,1,0.7210678458213806
8493,2,2,1,0.6994485855102539
8494,2,2,1,0.6083757877349854
8495,2,2,1,0.7483975887298584
8496,2,2,1,0.4528621435165405
8497,2,2,1,0.5898993015289307
8498,2,2,1,0.7641767859458923
8499,2,2,1,0.8667307496070862
8500,2,2,1,0.5947185754776001
8501,2,2,1,0.7434059381484985
8502,2,2,1,0.7076985836029053
8503,2,2,1,0.557190477848053
8504,2,2,1,0.6610655188560486
8505,2,2,1,0.6776204705238342
8506,2,2,1,0.2903271019458771
8507,2,2,1,0.6566680669784546
8508,2,2,1,0.7487101554870605
8509,2,0,0,0.5056942105293274
8510,2,0,0,0.4517461657524109
8511,2,2,1,0.6862484216690063
8512,2,2,1,0.6790893077850342
8513,2,2,1,0.5903492569923401
8514,2,2,1,0.6691402196884155
8515,2,2,1,0.6926671266555786
8516,2,2,1,0.6067922115325928
8517,2,2,1,0.6580666899681091
8518,2,2,1,0.5226392149925232
8519,2,2,1,0.5678916573524475
8520,2,2,1,0.6663107872009277
8521,2,2,1,0.6691805124282837
8522,2,2,1,0.8149814009666443
8523,2,2,1,0.64767986536026
8524,2,2,1,0.756550133228302
8525,2,2,1,0.7291527986526489
8526,2,2,1,0.5257503390312195
8527,2,2,1,0.7138562202453613
8528,2,2,1,0.4153101146221161
8529,2,2,1,0.37837889790534973
8530,2,2,1,0.5519435405731201
8531,2,2,1,0.7752417922019958
8532,2,2,1,0.5676263570785522
8533,2,2,1,0.7780717015266418
8534,2,2,1,0.6761735081672668
8535,2,2,1,0.5482742786407471
8536,2,2,1,0.5469897985458374
8537,2,2,1,0.23661686480045319
8538,2,2,1,0.6195430755615234
8539,2,2,1,0.6076178550720215
8540,2,2,1,0.6488414406776428
8541,2,0,0,0.7990997433662415
8542,2,2,1,0.45202523469924927
8543,2,2,1,0.5822315216064453
8544,2,2,1,0.5554636716842651
8545,2,2,1,0.8028548955917358
8546,2,2,1,0.6001380085945129
8547,2,2,1,0.6467183828353882
8548,2,0,0,0.3603552579879761
8549,2,2,1,0.6780238747596741
8550,2,2,1,0.6706676483154297
8551,2,2,1,0.5129323601722717
8552,2,2,1,0.5947185754776001
8553,2,2,1,0.6752098202705383
8554,2,2,1,0.6831154823303223
8555,2,2,1,0.7354881763458252
8556,2,0,0,0.4111822843551636
8557,2,2,1,0.633070170879364
8558,2,2,1,0.7596045136451721
8559,2,2,1,0.5480583310127258
8560,2,2,1,0.6105235815048218
8561,2,2,1,0.731916606426239
8562,2,2,1,0.7564958930015564
8563,2,2,1,0.7083669304847717
8564,2,2,1,0.7872390151023865
8565,2,2,1,0.7423799633979797
8566,2,2,1,0.6159606575965881
8567,2,0,0,0.4202485978603363
8568,2,0,0,0.7030690312385559
8569,2,2,1,0.7487257719039917
8570,2,2,1,0.5933443307876587
8571,2,2,1,0.7224922180175781
8572,2,2,1,0.6428766250610352
8573,2,2,1,0.4548567533493042
8574,2,2,1,0.5016642808914185
8575,2,2,1,0.7703099250793457
8576,2,2,1,0.4329458475112915
8577,2,2,1,0.7028571963310242
8578,2,2,1,0.6505491137504578
8579,2,2,1,0.7244757413864136
8580,2,2,1,0.7071508169174194
8581,2,2,1,0.7364340424537659
8582,2,2,1,0.6562114953994751
8583,2,2,1,0.6444936394691467
8584,2,2,1,0.7203305959701538
8585,2,2,1,0.47945475578308105
8586,2,2,1,0.4892396926879883
8587,2,2,1,0.7029399275779724
8588,2,2,1,0.613722562789917
8589,2,2,1,0.5770590901374817
8590,2,2,1,0.5450734496116638
8591,2,3,0,0.6613895297050476
8592,2,2,1,0.6745465397834778
8593,2,0,0,0.4365968108177185
8594,2,2,1,0.7140389084815979
8595,2,2,1,0.6182901263237
8596,2,2,1,0.6218817830085754
8597,2,2,1,0.6570664048194885
8598,2,2,1,0.7462188005447388
8599,2,2,1,0.7679781317710876
8600,2,2,1,0.7157999873161316
8601,2,2,1,0.6658998727798462
8602,2,0,0,0.18253913521766663
8603,2,2,1,0.5182076692581177
8604,2,2,1,0.6899573802947998
8605,2,2,1,0.5933911800384521
8606,2,2,1,0.7365269660949707
8607,2,2,1,0.6478803753852844
8608,2,2,1,0.7625764608383179
8609,2,2,1,0.589236855506897
8610,2,2,1,0.6803098320960999
8611,2,2,1,0.6389195322990417
8612,2,3,0,0.3137098252773285
8613,2,2,1,0.718012809753418
8614,2,2,1,0.5069026947021484
8615,2,2,1,0.7439848780632019
8616,2,2,1,0.6882315874099731
8617,2,2,1,0.7416861653327942
8618,2,2,1,0.7364642024040222
8619,2,2,1,0.7720703482627869
8620,2,3,0,0.6793124675750732
8621,2,2,1,0.5577248930931091
8622,2,1,0,0.14607681334018707
8623,2,2,1,0.5606344938278198
8624,2,2,1,0.6887037754058838
8625,2,2,1,0.5945780277252197
8626,2,2,1,0.7511236667633057
8627,2,2,1,0.6935870051383972
8628,2,2,1,0.6588056683540344
8629,2,2,1,0.5755482316017151
8630,2,2,1,0.6219981908798218
8631,2,2,1,0.743164598941803
8632,2,2,1,0.5388255715370178
8633,2,2,1,0.5834583044052124
8634,2,2,1,0.7798281311988831
8635,2,2,1,0.6933037638664246
8636,2,2,1,0.5934497714042664
8637,2,2,1,0.663786768913269
8638,2,2,1,0.8015013933181763
8639,2,2,1,0.5599635243415833
8640,2,2,1,0.5898993015289307
8641,2,2,1,0.763363778591156
8642,2,2,1,0.8145120739936829
8643,2,2,1,0.6761513948440552
8644,2,2,1,0.7404117584228516
8645,2,2,1,0.6308735013008118
8646,2,2,1,0.5886960625648499
8647,2,2,1,0.47234243154525757
8648,2,2,1,0.6020324230194092
8649,2,2,1,0.5633328557014465
8650,2,0,0,0.2871568500995636
8651,2,2,1,0.4447939693927765
8652,2,2,1,0.7123419046401978
8653,2,2,1,0.39822858572006226
8654,2,2,1,0.5974313020706177
8655,2,2,1,0.6523987054824829
8656,2,2,1,0.6266018748283386
8657,2,2,1,0.6810832619667053
8658,2,2,1,0.8127171397209167
8659,2,2,1,0.7804518938064575
8660,2,3,0,0.0
8661,2,2,1,0.7043420076370239
8662,2,2,1,0.7719663977622986
8663,2,2,1,0.7369514107704163
8664,2,2,1,0.7156516909599304
8665,2,2,1,0.7881485819816589
8666,2,2,1,0.7167346477508545
8667,2,2,1,0.5850664377212524
8668,2,2,1,0.7389158606529236
