true_class,true_cls_nm,pred_set,set_size,covered,is_multi,global_idx,pairing_group,entropy,confidence,loc_score
2,DRUSEN,['DRUSEN'],1,1,0,7349,Singleton,0.106999636,0.97855765,0.6995580196380615
2,DRUSEN,['DRUSEN'],1,1,0,7352,Singleton,0.31358832,0.9067015,0.6345018744468689
2,DRUSEN,"['CNV', 'DRUSEN']",2,1,1,7353,CNV_DRUSEN,0.5501685,0.7671767,0.5851428508758545
2,DRUSEN,"['CNV', 'DRUSEN']",2,1,1,7354,CNV_DRUSEN,0.6053762,0.7157138,0.6971139311790466
2,DRUSEN,"['CNV', 'DRUSEN']",2,1,1,7360,CNV_DRUSEN,0.5279763,0.797896,0.5124245882034302
2,DRUSEN,['DRUSEN'],1,1,0,7362,Singleton,0.17754166,0.9586185,0.7330269813537598
2,DRUSEN,['DRUSEN'],1,1,0,7363,Singleton,0.25159,0.9318508,0.47777315974235535
2,DRUSEN,['DRUSEN'],1,1,0,7364,Singleton,0.26891497,0.9453167,0.692102313041687
2,DRUSEN,['DRUSEN'],1,1,0,7365,Singleton,0.2048289,0.94862664,0.7470261454582214
2,DRUSEN,['DRUSEN'],1,1,0,7369,Singleton,0.36123562,0.9129424,0.8770560622215271
2,DRUSEN,['DRUSEN'],1,1,0,7370,Singleton,0.37880877,0.88020766,0.3783144950866699
2,DRUSEN,['DRUSEN'],1,1,0,7371,Singleton,0.20806882,0.9479285,0.5241495966911316
2,DRUSEN,['DRUSEN'],1,1,0,7377,Singleton,0.24018137,0.93740577,0.4902169704437256
2,DRUSEN,['DRUSEN'],1,1,0,7380,Singleton,0.15855972,0.96309423,0.6882600784301758
2,DRUSEN,"['CNV', 'DRUSEN']",2,1,1,7381,CNV_DRUSEN,0.71684986,0.5605516,0.4310922920703888
2,DRUSEN,"['DRUSEN', 'NORMAL']",2,1,1,7384,DRUSEN_NORMAL,0.52684975,0.79223007,0.6717807054519653
2,DRUSEN,['DRUSEN'],1,1,0,7386,Singleton,0.42351595,0.8706965,0.594548761844635
2,DRUSEN,['DRUSEN'],1,1,0,7387,Singleton,0.19715188,0.9526392,0.707476794719696
2,DRUSEN,"['DRUSEN', 'NORMAL']",2,1,1,7388,DRUSEN_NORMAL,0.6655019,0.6453211,0.658768892288208
2,DRUSEN,['DRUSEN'],1,1,0,7391,Singleton,0.31930324,0.90315825,0.6948626041412354
2,DRUSEN,['DRUSEN'],1,1,0,7394,Singleton,0.24790801,0.93237704,0.7713964581489563
2,DRUSEN,['DRUSEN'],1,1,0,7395,Singleton,0.41975838,0.88468575,0.6837332248687744
2,DRUSEN,"['DRUSEN', 'NORMAL']",2,1,1,7398,DRUSEN_NORMAL,0.71895874,0.55137765,0.5474249720573425
2,DRUSEN,"['CNV', 'DRUSEN']",2,1,1,7399,CNV_DRUSEN,0.5729168,0.7421745,0.7847697734832764
2,DRUSEN,['DRUSEN'],1,1,0,7400,Singleton,0.2072347,0.94858795,0.6784611940383911
2,DRUSEN,['DRUSEN'],1,1,0,7401,Singleton,0.19950864,0.9497452,0.6018391847610474
2,DRUSEN,['DRUSEN'],1,1,0,7407,Singleton,0.25957745,0.9436206,0.7263779044151306
2,DRUSEN,['DRUSEN'],1,1,0,7408,Singleton,0.16902514,0.9601329,0.5945703387260437
2,DRUSEN,['CNV'],1,0,0,7411,Other,0.31051648,0.9281897,0.33515462279319763
2,DRUSEN,['DRUSEN'],1,1,0,7413,Singleton,0.31174916,0.9060789,0.596953809261322
2,DRUSEN,['DRUSEN'],1,1,0,7417,Singleton,0.04858453,0.9917463,0.6879163980484009
2,DRUSEN,['DRUSEN'],1,1,0,7418,Singleton,0.46838143,0.8226555,0.5782003998756409
2,DRUSEN,['DRUSEN'],1,1,0,7419,Singleton,0.3336017,0.8987993,0.6537331938743591
2,DRUSEN,['DRUSEN'],1,1,0,7421,Singleton,0.33058777,0.8977767,0.7039014101028442
2,DRUSEN,['DRUSEN'],1,1,0,7422,Singleton,0.43881774,0.8604934,0.5508063435554504
2,DRUSEN,['DRUSEN'],1,1,0,7423,Singleton,0.47447655,0.8188433,0.6857073903083801
2,DRUSEN,['DRUSEN'],1,1,0,7426,Singleton,0.5000592,0.8162032,0.6717349290847778
2,DRUSEN,['DRUSEN'],1,1,0,7427,Singleton,0.26227656,0.92706317,0.6441120505332947
2,DRUSEN,['DRUSEN'],1,1,0,7438,Singleton,0.35881335,0.88408524,0.7697327136993408
2,DRUSEN,"['CNV', 'DRUSEN']",2,1,1,7439,CNV_DRUSEN,0.6355984,0.69457555,0.5370906591415405
2,DRUSEN,['DRUSEN'],1,1,0,7443,Singleton,0.18240872,0.9583065,0.6112242937088013
2,DRUSEN,['DRUSEN'],1,1,0,7445,Singleton,0.31224683,0.9071025,0.6461126208305359
2,DRUSEN,['DRUSEN'],1,1,0,7446,Singleton,0.4559186,0.8440609,0.6020919680595398
2,DRUSEN,['DRUSEN'],1,1,0,7448,Singleton,0.4800006,0.81577003,0.6624775528907776
2,DRUSEN,"['DRUSEN', 'NORMAL']",2,1,1,7449,DRUSEN_NORMAL,0.71778846,0.55104023,0.5684789419174194
2,DRUSEN,['DRUSEN'],1,1,0,7451,Singleton,0.16330579,0.96411735,0.7883691787719727
2,DRUSEN,['DRUSEN'],1,1,0,7454,Singleton,0.3079632,0.92749995,0.4530726373195648
2,DRUSEN,['DRUSEN'],1,1,0,7455,Singleton,0.29741016,0.91422254,0.21839255094528198
2,DRUSEN,"['CNV', 'DRUSEN']",2,1,1,7460,CNV_DRUSEN,0.5817136,0.739591,0.61629319190979
2,DRUSEN,['DRUSEN'],1,1,0,7461,Singleton,0.3602206,0.8838414,0.8221265077590942
2,DRUSEN,['DRUSEN'],1,1,0,7462,Singleton,0.17673737,0.9591602,0.7737697958946228
2,DRUSEN,['DRUSEN'],1,1,0,7464,Singleton,0.24512282,0.9385991,0.7178128957748413
2,DRUSEN,['DRUSEN'],1,1,0,7469,Singleton,0.1704467,0.9598059,0.798488438129425
2,DRUSEN,['DRUSEN'],1,1,0,7477,Singleton,0.39024812,0.89032537,0.5393180251121521
2,DRUSEN,['DRUSEN'],1,1,0,7482,Singleton,0.121449195,0.9746116,0.7235485911369324
2,DRUSEN,['DRUSEN'],1,1,0,7487,Singleton,0.32043988,0.922139,0.7875338792800903
2,DRUSEN,"['DRUSEN', 'NORMAL']",2,1,1,7488,DRUSEN_NORMAL,0.7042712,0.6480761,0.4766087234020233
2,DRUSEN,['DRUSEN'],1,1,0,7489,Singleton,0.22734877,0.94549096,0.7878391742706299
2,DRUSEN,['DRUSEN'],1,1,0,7492,Singleton,0.38006595,0.874791,0.7033730149269104
2,DRUSEN,['DRUSEN'],1,1,0,7493,Singleton,0.34524372,0.89109385,0.716985285282135
2,DRUSEN,['DRUSEN'],1,1,0,7494,Singleton,0.17487472,0.95801044,0.7966057062149048
2,DRUSEN,['DRUSEN'],1,1,0,7495,Singleton,0.30413598,0.9094832,0.6718541979789734
2,DRUSEN,['DRUSEN'],1,1,0,7496,Singleton,0.45479783,0.8318416,0.5440208315849304
2,DRUSEN,['DRUSEN'],1,1,0,7500,Singleton,0.15060998,0.9659348,0.6037236452102661
2,DRUSEN,['DRUSEN'],1,1,0,7505,Singleton,0.4725624,0.82071584,0.7157666087150574
2,DRUSEN,['DRUSEN'],1,1,0,7506,Singleton,0.18464664,0.9556973,0.6706485748291016
2,DRUSEN,['DRUSEN'],1,1,0,7507,Singleton,0.23325829,0.93781626,0.5254719853401184
2,DRUSEN,['DRUSEN'],1,1,0,7508,Singleton,0.21184033,0.9560782,0.7330825328826904
2,DRUSEN,['DRUSEN'],1,1,0,7513,Singleton,0.1572761,0.9633933,0.5634821057319641
2,DRUSEN,['DRUSEN'],1,1,0,7514,Singleton,0.4939905,0.80731004,0.5664168000221252
2,DRUSEN,['DRUSEN'],1,1,0,7515,Singleton,0.14186378,0.9680288,0.45428624749183655
2,DRUSEN,['CNV'],1,0,0,7516,Other,0.5984833,0.80163926,0.6480283737182617
2,DRUSEN,['DRUSEN'],1,1,0,7526,Singleton,0.265442,0.9300436,0.7339644432067871
2,DRUSEN,"['CNV', 'DRUSEN']",2,1,1,7527,CNV_DRUSEN,0.6809317,0.6275908,0.691002368927002
2,DRUSEN,"['CNV', 'DRUSEN']",2,1,1,7528,CNV_DRUSEN,0.6402305,0.67035437,0.7837070822715759
2,DRUSEN,['DRUSEN'],1,1,0,7530,Singleton,0.45334342,0.8317233,0.3963949680328369
2,DRUSEN,['DRUSEN'],1,1,0,7534,Singleton,0.41504267,0.8548685,0.5210171937942505
2,DRUSEN,"['DRUSEN', 'NORMAL']",2,1,1,7540,DRUSEN_NORMAL,0.5917468,0.7335124,0.6660553216934204
2,DRUSEN,"['CNV', 'DRUSEN']",2,1,1,7544,CNV_DRUSEN,0.6150518,0.71097875,0.44574975967407227
2,DRUSEN,['NORMAL'],1,0,0,7546,Other,0.08172222,0.9856128,0.0
2,DRUSEN,"['DRUSEN', 'NORMAL']",2,1,1,7550,DRUSEN_NORMAL,0.56996894,0.7582886,0.8018225431442261
2,DRUSEN,['DRUSEN'],1,1,0,7552,Singleton,0.2495196,0.93203706,0.7517728805541992
2,DRUSEN,['DRUSEN'],1,1,0,7556,Singleton,0.09728159,0.98335,0.6741518378257751
2,DRUSEN,['DRUSEN'],1,1,0,7558,Singleton,0.4681941,0.824382,0.6819771528244019
2,DRUSEN,['DME'],1,0,0,7561,Other,0.10120216,0.9829262,0.0
2,DRUSEN,['DRUSEN'],1,1,0,7563,Singleton,0.308381,0.9088228,0.705963671207428
2,DRUSEN,['NORMAL'],1,0,0,7564,Other,0.34094948,0.8943094,0.9731049537658691
2,DRUSEN,['DRUSEN'],1,1,0,7568,Singleton,0.44698045,0.8389287,0.7634310126304626
2,DRUSEN,['DRUSEN'],1,1,0,7572,Singleton,0.19398709,0.9516656,0.6013088822364807
2,DRUSEN,['DME'],1,0,0,7573,Other,0.44386983,0.8651742,0.9741324782371521
2,DRUSEN,['DRUSEN'],1,1,0,7574,Singleton,0.2934606,0.9196352,0.7672731280326843
2,DRUSEN,"['DRUSEN', 'NORMAL']",2,1,1,7577,DRUSEN_NORMAL,0.69656,0.6427435,0.7444483041763306
2,DRUSEN,['DRUSEN'],1,1,0,7580,Singleton,0.34584624,0.8940097,0.7034399509429932
2,DRUSEN,['DRUSEN'],1,1,0,7581,Singleton,0.08334662,0.9858549,0.6942490935325623
2,DRUSEN,['DRUSEN'],1,1,0,7582,Singleton,0.124472104,0.97444946,0.7520219683647156
2,DRUSEN,['DRUSEN'],1,1,0,7583,Singleton,0.5080723,0.8102378,0.47084474563598633
2,DRUSEN,['DRUSEN'],1,1,0,7585,Singleton,0.40989676,0.85847336,0.5470160245895386
2,DRUSEN,"['CNV', 'DRUSEN']",2,1,1,7590,CNV_DRUSEN,0.585208,0.7325129,0.5103020668029785
2,DRUSEN,['DRUSEN'],1,1,0,7597,Singleton,0.18608941,0.9551381,0.5850997567176819
2,DRUSEN,['DRUSEN'],1,1,0,7601,Singleton,0.19782296,0.95100665,0.6864904761314392
2,DRUSEN,['DRUSEN'],1,1,0,7605,Singleton,0.10860751,0.9777274,0.6435722708702087
2,DRUSEN,['DRUSEN'],1,1,0,7608,Singleton,0.036558174,0.994451,0.7071278095245361
2,DRUSEN,"['DRUSEN', 'NORMAL']",2,1,1,7610,DRUSEN_NORMAL,0.532858,0.7933344,0.7379167675971985
2,DRUSEN,['DRUSEN'],1,1,0,7612,Singleton,0.12284125,0.9734985,0.7042161822319031
2,DRUSEN,"['DRUSEN', 'NORMAL']",2,1,1,7618,DRUSEN_NORMAL,0.61361426,0.7057823,0.6193874478340149
2,DRUSEN,['DRUSEN'],1,1,0,7620,Singleton,0.48287305,0.81738114,0.5466649532318115
2,DRUSEN,"['CNV', 'DRUSEN']",2,1,1,7622,CNV_DRUSEN,0.69976735,0.5828035,0.7883102297782898
2,DRUSEN,['DRUSEN'],1,1,0,7624,Singleton,0.3323927,0.89719665,0.610364556312561
2,DRUSEN,"['CNV', 'DRUSEN']",2,1,1,7625,CNV_DRUSEN,0.5901596,0.72460085,0.6847992539405823
2,DRUSEN,['DRUSEN'],1,1,0,7628,Singleton,0.20898128,0.9488575,0.5288176536560059
2,DRUSEN,['DRUSEN'],1,1,0,7631,Singleton,0.06481048,0.98814774,0.6820993423461914
2,DRUSEN,['DRUSEN'],1,1,0,7632,Singleton,0.21716268,0.9437307,0.5223703980445862
2,DRUSEN,['DRUSEN'],1,1,0,7635,Singleton,0.16971779,0.9594713,0.4094677269458771
2,DRUSEN,['DRUSEN'],1,1,0,7637,Singleton,0.39901814,0.86445594,0.4802209734916687
2,DRUSEN,['DRUSEN'],1,1,0,7638,Singleton,0.42619237,0.8601068,0.6514983177185059
2,DRUSEN,['DRUSEN'],1,1,0,7639,Singleton,0.483353,0.8143634,0.7872639298439026
2,DRUSEN,['DRUSEN'],1,1,0,7640,Singleton,0.5104126,0.8214629,0.6254559755325317
2,DRUSEN,['DRUSEN'],1,1,0,7642,Singleton,0.43927854,0.8414189,0.7979604601860046
2,DRUSEN,"['CNV', 'DRUSEN']",2,1,1,7646,CNV_DRUSEN,0.54023504,0.76979285,0.4759325683116913
2,DRUSEN,['DRUSEN'],1,1,0,7649,Singleton,0.31731004,0.9291546,0.8114160299301147
2,DRUSEN,['DRUSEN'],1,1,0,7650,Singleton,0.20550111,0.9568654,0.49052125215530396
2,DRUSEN,['DRUSEN'],1,1,0,7651,Singleton,0.14931463,0.96648026,0.7544026970863342
2,DRUSEN,['DRUSEN'],1,1,0,7656,Singleton,0.34417403,0.8916681,0.7779161334037781
2,DRUSEN,"['CNV', 'DRUSEN']",2,1,1,7658,CNV_DRUSEN,0.5033011,0.8003346,0.6483293771743774
2,DRUSEN,"['CNV', 'DRUSEN']",2,1,1,7661,CNV_DRUSEN,0.65565246,0.64569795,0.6132335662841797
2,DRUSEN,['DRUSEN'],1,1,0,7666,Singleton,0.36933056,0.8791249,0.46477243304252625
2,DRUSEN,['DRUSEN'],1,1,0,7667,Singleton,0.12598284,0.97249776,0.5559009909629822
2,DRUSEN,['DRUSEN'],1,1,0,7671,Singleton,0.1232779,0.97360265,0.6790774464607239
2,DRUSEN,['DRUSEN'],1,1,0,7674,Singleton,0.25466627,0.92997557,0.5221973657608032
2,DRUSEN,['DRUSEN'],1,1,0,7676,Singleton,0.1242374,0.9762311,0.6888129711151123
2,DRUSEN,"['CNV', 'DRUSEN']",2,1,1,7677,CNV_DRUSEN,0.52590156,0.7816994,0.5651219487190247
2,DRUSEN,"['DRUSEN', 'NORMAL']",2,1,1,7678,DRUSEN_NORMAL,0.7007388,0.5571003,0.5891405940055847
2,DRUSEN,"['CNV', 'DRUSEN']",2,1,1,7680,CNV_DRUSEN,0.52391833,0.7943722,0.7745073437690735
2,DRUSEN,['DRUSEN'],1,1,0,7681,Singleton,0.2912792,0.91600317,0.7559364438056946
2,DRUSEN,['DRUSEN'],1,1,0,7683,Singleton,0.28495654,0.9233591,0.6943199634552002
2,DRUSEN,['DRUSEN'],1,1,0,7688,Singleton,0.404607,0.8609875,0.6148881912231445
2,DRUSEN,"['CNV', 'DRUSEN']",2,1,1,7689,CNV_DRUSEN,0.64556736,0.72911,0.4595920145511627
2,DRUSEN,['DRUSEN'],1,1,0,7691,Singleton,0.3412401,0.8928292,0.5287325382232666
2,DRUSEN,"['DRUSEN', 'NORMAL']",2,1,1,7692,DRUSEN_NORMAL,0.7220441,0.5336975,0.7039127945899963
2,DRUSEN,"['CNV', 'DRUSEN']",2,1,1,7695,CNV_DRUSEN,0.70991623,0.55353296,0.8868643045425415
2,DRUSEN,['DRUSEN'],1,1,0,7699,Singleton,0.34618706,0.8910188,0.5847498774528503
2,DRUSEN,['DRUSEN'],1,1,0,7702,Singleton,0.312845,0.9062171,0.778564989566803
2,DRUSEN,['DRUSEN'],1,1,0,7703,Singleton,0.31449816,0.90531385,0.7830234169960022
2,DRUSEN,['DRUSEN'],1,1,0,7706,Singleton,0.47984067,0.83841586,0.5816171169281006
2,DRUSEN,['DRUSEN'],1,1,0,7708,Singleton,0.3402973,0.90004206,0.7144074440002441
2,DRUSEN,['DRUSEN'],1,1,0,7711,Singleton,0.26508018,0.9269068,0.5923543572425842
2,DRUSEN,['DRUSEN'],1,1,0,7714,Singleton,0.26606834,0.92589194,0.4729308784008026
2,DRUSEN,['DRUSEN'],1,1,0,7716,Singleton,0.19794159,0.9603603,0.7692054510116577
2,DRUSEN,['DRUSEN'],1,1,0,7717,Singleton,0.3503547,0.88836586,0.5458465814590454
2,DRUSEN,['DRUSEN'],1,1,0,7719,Singleton,0.37854338,0.874313,0.652320921421051
2,DRUSEN,['DRUSEN'],1,1,0,7723,Singleton,0.38854018,0.88811904,0.6814754605293274
2,DRUSEN,['DRUSEN'],1,1,0,7725,Singleton,0.20596297,0.94900566,0.7611886262893677
2,DRUSEN,['DRUSEN'],1,1,0,7726,Singleton,0.22098501,0.94441277,0.7222460508346558
2,DRUSEN,['DRUSEN'],1,1,0,7728,Singleton,0.107720554,0.97832125,0.7340753078460693
2,DRUSEN,"['CNV', 'DRUSEN']",2,1,1,7729,CNV_DRUSEN,0.5971907,0.72171104,0.5956002473831177
2,DRUSEN,"['DRUSEN', 'NORMAL']",2,1,1,7730,DRUSEN_NORMAL,0.519992,0.80496323,0.6017323732376099
2,DRUSEN,['DRUSEN'],1,1,0,7731,Singleton,0.24855804,0.94851553,0.6298676133155823
2,DRUSEN,['DRUSEN'],1,1,0,7733,Singleton,0.42473552,0.84961426,0.5219196677207947
2,DRUSEN,['CNV'],1,0,0,7734,Other,0.3139587,0.92934245,0.11255718022584915
2,DRUSEN,"['CNV', 'DRUSEN']",2,1,1,7741,CNV_DRUSEN,0.5290471,0.7823419,0.7703267931938171
2,DRUSEN,['DRUSEN'],1,1,0,7742,Singleton,0.44315356,0.83935285,0.7516713738441467
2,DRUSEN,['DRUSEN'],1,1,0,7745,Singleton,0.4846495,0.814434,0.7666381001472473
2,DRUSEN,"['CNV', 'DRUSEN']",2,1,1,7748,CNV_DRUSEN,0.63522315,0.6776646,0.5178757905960083
2,DRUSEN,['DRUSEN'],1,1,0,7749,Singleton,0.15670744,0.96900594,0.7731176614761353
2,DRUSEN,['DRUSEN'],1,1,0,7751,Singleton,0.44029176,0.84263605,0.7888102531433105
2,DRUSEN,['DRUSEN'],1,1,0,7752,Singleton,0.34872222,0.88942796,0.8146612048149109
2,DRUSEN,"['CNV', 'DRUSEN']",2,1,1,7753,CNV_DRUSEN,0.55958855,0.7562452,0.46023231744766235
2,DRUSEN,['DRUSEN'],1,1,0,7754,Singleton,0.3208199,0.9044151,0.7919573783874512
2,DRUSEN,['DRUSEN'],1,1,0,7756,Singleton,0.16173181,0.96708196,0.7980074286460876
2,DRUSEN,['CNV'],1,0,0,7757,Other,0.3850366,0.8765452,0.22689276933670044
2,DRUSEN,['DRUSEN'],1,1,0,7760,Singleton,0.22723094,0.9417279,0.8036719560623169
2,DRUSEN,"['CNV', 'DRUSEN']",2,1,1,7763,CNV_DRUSEN,0.6838376,0.60500044,0.7748339176177979
2,DRUSEN,"['CNV', 'DRUSEN']",2,1,1,7765,CNV_DRUSEN,0.6684087,0.6350204,0.7459972500801086
2,DRUSEN,"['DME', 'NORMAL']",2,0,1,7768,Other,1.0046979,0.45542148,0.06182276830077171
2,DRUSEN,['DRUSEN'],1,1,0,7771,Singleton,0.34844348,0.9061039,0.6589357256889343
2,DRUSEN,['DRUSEN'],1,1,0,7772,Singleton,0.17376286,0.95833313,0.6180917024612427
2,DRUSEN,['DRUSEN'],1,1,0,7774,Singleton,0.32198888,0.92107826,0.3892282247543335
2,DRUSEN,['DRUSEN'],1,1,0,7777,Singleton,0.4250505,0.85012025,0.7352749109268188
2,DRUSEN,"['CNV', 'DRUSEN']",2,1,1,7778,CNV_DRUSEN,0.70250154,0.56072485,0.5497969388961792
2,DRUSEN,['DRUSEN'],1,1,0,7781,Singleton,0.3735891,0.87817276,0.8037158250808716
2,DRUSEN,['DRUSEN'],1,1,0,7783,Singleton,0.42352748,0.8535679,0.5676396489143372
2,DRUSEN,['DRUSEN'],1,1,0,7787,Singleton,0.29438233,0.9172377,0.8176616430282593
2,DRUSEN,['DRUSEN'],1,1,0,7796,Singleton,0.33797362,0.8943199,0.6180282831192017
2,DRUSEN,"['CNV', 'DRUSEN']",2,1,1,7799,CNV_DRUSEN,0.56956124,0.74675673,0.4255330562591553
2,DRUSEN,['DRUSEN'],1,1,0,7801,Singleton,0.3820259,0.89980716,0.5158097147941589
2,DRUSEN,['DRUSEN'],1,1,0,7803,Singleton,0.26496714,0.9260862,0.5744874477386475
2,DRUSEN,['DRUSEN'],1,1,0,7804,Singleton,0.4246232,0.84905463,0.6415187120437622
2,DRUSEN,"['CNV', 'DRUSEN']",2,1,1,7805,CNV_DRUSEN,0.69651324,0.5359609,0.7833759188652039
2,DRUSEN,['DRUSEN'],1,1,0,7806,Singleton,0.46904334,0.82256156,0.5364106893539429
2,DRUSEN,['DRUSEN'],1,1,0,7807,Singleton,0.19538721,0.96142405,0.7526496648788452
2,DRUSEN,"['CNV', 'DRUSEN']",2,1,1,7815,CNV_DRUSEN,0.6487786,0.6565401,0.7282535433769226
2,DRUSEN,"['CNV', 'DRUSEN']",2,1,1,7817,CNV_DRUSEN,0.55907756,0.75728637,0.6840074062347412
2,DRUSEN,['NORMAL'],1,0,0,7820,Other,0.54268146,0.83622247,0.5998618602752686
2,DRUSEN,['DRUSEN'],1,1,0,7822,Singleton,0.46528587,0.8280109,0.758209764957428
2,DRUSEN,"['CNV', 'DRUSEN']",2,1,1,7825,CNV_DRUSEN,0.55935556,0.75772935,0.6117183566093445
2,DRUSEN,['DRUSEN'],1,1,0,7826,Singleton,0.30745536,0.9120105,0.6466976404190063
2,DRUSEN,"['CNV', 'DRUSEN']",2,1,1,7827,CNV_DRUSEN,0.64482665,0.6629271,0.5339438319206238
2,DRUSEN,['DRUSEN'],1,1,0,7829,Singleton,0.27492025,0.92274123,0.6653997302055359
2,DRUSEN,['DRUSEN'],1,1,0,7837,Singleton,0.22951065,0.94084775,0.5593230128288269
2,DRUSEN,"['CNV', 'DRUSEN']",2,1,1,7838,CNV_DRUSEN,0.70234525,0.50720286,0.6348013281822205
2,DRUSEN,['DRUSEN'],1,1,0,7839,Singleton,0.557866,0.8452202,0.3247462809085846
2,DRUSEN,['DRUSEN'],1,1,0,7840,Singleton,0.30055442,0.9278515,0.795885443687439
2,DRUSEN,"['CNV', 'DRUSEN']",2,1,1,7846,CNV_DRUSEN,0.606921,0.71854395,0.5956514477729797
2,DRUSEN,['DRUSEN'],1,1,0,7847,Singleton,0.17223094,0.9586623,0.4981963038444519
2,DRUSEN,"['DRUSEN', 'NORMAL']",2,1,1,7849,DRUSEN_NORMAL,0.63601804,0.6821409,0.6780506372451782
2,DRUSEN,"['CNV', 'DRUSEN']",2,1,1,7851,CNV_DRUSEN,0.57027364,0.76388013,0.5214899778366089
2,DRUSEN,['DRUSEN'],1,1,0,7857,Singleton,0.30674842,0.9086344,0.7662941813468933
2,DRUSEN,['DRUSEN'],1,1,0,7860,Singleton,0.34157348,0.89267087,0.694990336894989
2,DRUSEN,['DRUSEN'],1,1,0,7863,Singleton,0.4711857,0.860367,0.6276547312736511
2,DRUSEN,"['CNV', 'DRUSEN']",2,1,1,7864,CNV_DRUSEN,0.59133124,0.737202,0.6751388311386108
2,DRUSEN,['DRUSEN'],1,1,0,7867,Singleton,0.078409344,0.9875134,0.7375515699386597
2,DRUSEN,['DRUSEN'],1,1,0,7868,Singleton,0.4194932,0.85241616,0.6685421466827393
2,DRUSEN,['DRUSEN'],1,1,0,7874,Singleton,0.30611393,0.90988487,0.7561755776405334
2,DRUSEN,['DRUSEN'],1,1,0,7875,Singleton,0.25681365,0.9296437,0.5029322504997253
2,DRUSEN,['DRUSEN'],1,1,0,7878,Singleton,0.15706742,0.96341985,0.6926575303077698
2,DRUSEN,['DRUSEN'],1,1,0,7881,Singleton,0.15182857,0.9660118,0.5507463216781616
2,DRUSEN,['DRUSEN'],1,1,0,7882,Singleton,0.3883515,0.86931664,0.5517144799232483
2,DRUSEN,['DRUSEN'],1,1,0,7884,Singleton,0.47024012,0.82531554,0.5069026947021484
2,DRUSEN,['DRUSEN'],1,1,0,7885,Singleton,0.45122465,0.8354747,0.7703580856323242
2,DRUSEN,"['DRUSEN', 'NORMAL']",2,1,1,7889,DRUSEN_NORMAL,0.7337981,0.5488102,0.7936623692512512
2,DRUSEN,['DRUSEN'],1,1,0,7891,Singleton,0.13803367,0.96915984,0.6366777420043945
2,DRUSEN,['DRUSEN'],1,1,0,7894,Singleton,0.17731328,0.95710284,0.7333224415779114
2,DRUSEN,['DRUSEN'],1,1,0,7900,Singleton,0.3108093,0.9093072,0.6467780470848083
2,DRUSEN,['DRUSEN'],1,1,0,7901,Singleton,0.2559822,0.93199706,0.6057347059249878
2,DRUSEN,"['DRUSEN', 'NORMAL']",2,1,1,7906,DRUSEN_NORMAL,0.7143351,0.5475622,0.549496591091156
2,DRUSEN,"['CNV', 'DRUSEN']",2,1,1,7908,CNV_DRUSEN,0.54896283,0.77678216,0.5618253946304321
2,DRUSEN,['DRUSEN'],1,1,0,7920,Singleton,0.41489607,0.90026015,0.7385265827178955
2,DRUSEN,['DRUSEN'],1,1,0,7923,Singleton,0.34113342,0.8936449,0.5984798073768616
2,DRUSEN,['DRUSEN'],1,1,0,7924,Singleton,0.24948423,0.9319162,0.4866347014904022
2,DRUSEN,['DRUSEN'],1,1,0,7925,Singleton,0.28013942,0.92572546,0.7501009106636047
2,DRUSEN,"['CNV', 'DRUSEN']",2,1,1,7926,CNV_DRUSEN,0.7165853,0.5530545,0.861703634262085
2,DRUSEN,['DRUSEN'],1,1,0,7930,Singleton,0.14799061,0.9720604,0.756374716758728
2,DRUSEN,['DRUSEN'],1,1,0,7932,Singleton,0.41726142,0.8537909,0.5297918319702148
2,DRUSEN,['DRUSEN'],1,1,0,7933,Singleton,0.304975,0.90897995,0.6495783925056458
2,DRUSEN,['DRUSEN'],1,1,0,7934,Singleton,0.19119582,0.9563508,0.689878523349762
2,DRUSEN,['CNV'],1,0,0,7935,Other,0.10840663,0.9819935,0.45743685960769653
2,DRUSEN,"['DRUSEN', 'NORMAL']",2,1,1,7938,DRUSEN_NORMAL,0.7394833,0.609783,0.8441287279129028
2,DRUSEN,['DRUSEN'],1,1,0,7939,Singleton,0.25024486,0.93163854,0.6678552627563477
2,DRUSEN,['DRUSEN'],1,1,0,7940,Singleton,0.40972593,0.8574927,0.23788031935691833
2,DRUSEN,['DRUSEN'],1,1,0,7944,Singleton,0.46804023,0.83413196,0.6358090043067932
2,DRUSEN,['DRUSEN'],1,1,0,7945,Singleton,0.391138,0.89004344,0.8608638048171997
2,DRUSEN,['DRUSEN'],1,1,0,7947,Singleton,0.053459182,0.9908545,0.6328606009483337
2,DRUSEN,"['CNV', 'DRUSEN']",2,1,1,7949,CNV_DRUSEN,0.56382567,0.74909955,0.5648386478424072
2,DRUSEN,['DRUSEN'],1,1,0,7953,Singleton,0.3233873,0.9145553,0.7789369225502014
2,DRUSEN,['DRUSEN'],1,1,0,7956,Singleton,0.33197188,0.8970369,0.6681467294692993
2,DRUSEN,['DRUSEN'],1,1,0,7959,Singleton,0.41451648,0.8583137,0.4791901707649231
2,DRUSEN,['DRUSEN'],1,1,0,7960,Singleton,0.1506654,0.96553266,0.6709757447242737
2,DRUSEN,['DRUSEN'],1,1,0,7963,Singleton,0.3356474,0.8960662,0.49798616766929626
2,DRUSEN,['DRUSEN'],1,1,0,7964,Singleton,0.4308657,0.84658086,0.785912036895752
2,DRUSEN,"['DRUSEN', 'NORMAL']",2,1,1,7965,DRUSEN_NORMAL,0.58908296,0.75299144,0.792256236076355
2,DRUSEN,"['DRUSEN', 'NORMAL']",2,1,1,7966,DRUSEN_NORMAL,0.63077426,0.7164836,0.4275735318660736
2,DRUSEN,['DRUSEN'],1,1,0,7968,Singleton,0.23984675,0.9352938,0.5266585350036621
2,DRUSEN,['DRUSEN'],1,1,0,7969,Singleton,0.11197236,0.97983897,0.5362204313278198
2,DRUSEN,['DRUSEN'],1,1,0,7973,Singleton,0.19497456,0.9515823,0.6692849397659302
2,DRUSEN,['DRUSEN'],1,1,0,7974,Singleton,0.42742926,0.8478243,0.7788320779800415
2,DRUSEN,['DRUSEN'],1,1,0,7975,Singleton,0.21740444,0.9435025,0.5498971343040466
2,DRUSEN,['DRUSEN'],1,1,0,7976,Singleton,0.28292194,0.93063486,0.5138989686965942
2,DRUSEN,['DRUSEN'],1,1,0,7977,Singleton,0.24298553,0.9385626,0.6166868209838867
2,DRUSEN,"['DRUSEN', 'NORMAL']",2,1,1,7978,DRUSEN_NORMAL,0.7123051,0.5576199,0.7047412395477295
2,DRUSEN,['DRUSEN'],1,1,0,7981,Singleton,0.2359162,0.93866694,0.7843999266624451
2,DRUSEN,['DRUSEN'],1,1,0,7986,Singleton,0.41214406,0.89398223,0.41888687014579773
2,DRUSEN,['CNV'],1,0,0,7988,Other,0.19925173,0.95267904,0.23319120705127716
2,DRUSEN,['DRUSEN'],1,1,0,7998,Singleton,0.14066802,0.9683042,0.44898098707199097
2,DRUSEN,['DRUSEN'],1,1,0,8000,Singleton,0.2859756,0.9208968,0.8299383521080017
2,DRUSEN,['DRUSEN'],1,1,0,8002,Singleton,0.37946984,0.87386346,0.7327297329902649
2,DRUSEN,['DRUSEN'],1,1,0,8003,Singleton,0.40102592,0.87633723,0.7486636638641357
2,DRUSEN,['DRUSEN'],1,1,0,8005,Singleton,0.23799792,0.9376464,0.663786768913269
2,DRUSEN,['DRUSEN'],1,1,0,8006,Singleton,0.3137635,0.9054461,0.6682526469230652
2,DRUSEN,['DRUSEN'],1,1,0,8008,Singleton,0.26554325,0.9254313,0.5448563098907471
2,DRUSEN,['DRUSEN'],1,1,0,8009,Singleton,0.19803306,0.9505689,0.5512279272079468
2,DRUSEN,['DRUSEN'],1,1,0,8014,Singleton,0.21877232,0.9443605,0.7652957439422607
2,DRUSEN,['DRUSEN'],1,1,0,8020,Singleton,0.45159012,0.83318156,0.6774189472198486
2,DRUSEN,['DRUSEN'],1,1,0,8021,Singleton,0.35392174,0.8879454,0.6256647109985352
2,DRUSEN,['DRUSEN'],1,1,0,8022,Singleton,0.07570461,0.9867671,0.5430170893669128
2,DRUSEN,['DRUSEN'],1,1,0,8023,Singleton,0.06481773,0.98933744,0.7742581367492676
2,DRUSEN,['DRUSEN'],1,1,0,8024,Singleton,0.33230427,0.89679754,0.5539813041687012
2,DRUSEN,['DRUSEN'],1,1,0,8028,Singleton,0.1622422,0.9661604,0.7604222893714905
2,DRUSEN,"['CNV', 'DRUSEN']",2,1,1,8031,CNV_DRUSEN,0.559539,0.7610234,0.6550093293190002
2,DRUSEN,['DRUSEN'],1,1,0,8032,Singleton,0.34116754,0.8930085,0.7149590849876404
2,DRUSEN,['DRUSEN'],1,1,0,8042,Singleton,0.19371061,0.95508575,0.5465750098228455
2,DRUSEN,['DRUSEN'],1,1,0,8043,Singleton,0.4149609,0.8748352,0.7283865213394165
2,DRUSEN,"['DRUSEN', 'NORMAL']",2,1,1,8046,DRUSEN_NORMAL,0.71474934,0.6016623,0.6952577233314514
2,DRUSEN,['DRUSEN'],1,1,0,8048,Singleton,0.34310597,0.89179665,0.691421389579773
2,DRUSEN,"['CNV', 'DRUSEN']",2,1,1,8049,CNV_DRUSEN,0.6319888,0.68837845,0.4487210810184479
2,DRUSEN,['DRUSEN'],1,1,0,8050,Singleton,0.13919766,0.97007936,0.7338215112686157
2,DRUSEN,['DRUSEN'],1,1,0,8052,Singleton,0.21357709,0.9450746,0.6553131341934204
2,DRUSEN,['NORMAL'],1,0,0,8054,Other,0.39761055,0.8820244,0.7147788405418396
2,DRUSEN,['DRUSEN'],1,1,0,8055,Singleton,0.3126043,0.9066055,0.5061704516410828
2,DRUSEN,['DRUSEN'],1,1,0,8057,Singleton,0.370589,0.87892073,0.6332993507385254
2,DRUSEN,['DRUSEN'],1,1,0,8063,Singleton,0.275454,0.92199653,0.697972297668457
2,DRUSEN,['DRUSEN'],1,1,0,8065,Singleton,0.2597333,0.9445698,0.7946650385856628
2,DRUSEN,['DRUSEN'],1,1,0,8066,Singleton,0.20989048,0.9547049,0.7636500000953674
2,DRUSEN,['DRUSEN'],1,1,0,8067,Singleton,0.12157908,0.9762412,0.4790234863758087
2,DRUSEN,['DRUSEN'],1,1,0,8068,Singleton,0.45400992,0.8315654,0.6937808990478516
2,DRUSEN,['DRUSEN'],1,1,0,8071,Singleton,0.16961055,0.9655826,0.6444571018218994
2,DRUSEN,"['DRUSEN', 'NORMAL']",2,1,1,8074,DRUSEN_NORMAL,0.6163576,0.7038158,0.6193874478340149
2,DRUSEN,"['DRUSEN', 'NORMAL']",2,1,1,8076,DRUSEN_NORMAL,0.61491406,0.7159186,0.6334652900695801
2,DRUSEN,['DRUSEN'],1,1,0,8077,Singleton,0.20703205,0.9479422,0.44582003355026245
2,DRUSEN,['DRUSEN'],1,1,0,8078,Singleton,0.22452632,0.94106567,0.5540032386779785
2,DRUSEN,['DRUSEN'],1,1,0,8085,Singleton,0.32362574,0.9009354,0.5614690184593201
2,DRUSEN,"['DME', 'DRUSEN']",2,1,1,8086,Other,0.73929596,0.73048097,0.5473337769508362
2,DRUSEN,"['CNV', 'DRUSEN']",2,1,1,8087,CNV_DRUSEN,0.5684071,0.74718016,0.6444020867347717
2,DRUSEN,"['CNV', 'DRUSEN']",2,1,1,8096,CNV_DRUSEN,0.6828664,0.6161512,0.587103545665741
2,DRUSEN,['DRUSEN'],1,1,0,8097,Singleton,0.076148584,0.98598886,0.649531364440918
2,DRUSEN,"['DRUSEN', 'NORMAL']",2,1,1,8098,DRUSEN_NORMAL,0.5581508,0.7662154,0.6410990357398987
2,DRUSEN,"['CNV', 'DRUSEN']",2,1,1,8104,CNV_DRUSEN,0.5251953,0.7820348,0.613667368888855
2,DRUSEN,"['DRUSEN', 'NORMAL']",2,1,1,8105,DRUSEN_NORMAL,0.5502405,0.7713833,0.593403160572052
2,DRUSEN,['DRUSEN'],1,1,0,8106,Singleton,0.13191903,0.9757224,0.7239949107170105
2,DRUSEN,['DRUSEN'],1,1,0,8108,Singleton,0.3997849,0.86358637,0.6404989957809448
2,DRUSEN,['DRUSEN'],1,1,0,8109,Singleton,0.28946036,0.9361602,0.408269464969635
2,DRUSEN,['DRUSEN'],1,1,0,8110,Singleton,0.18510692,0.9549743,0.7224287986755371
2,DRUSEN,"['DRUSEN', 'NORMAL']",2,1,1,8111,DRUSEN_NORMAL,0.6389812,0.708189,0.8087853789329529
2,DRUSEN,"['CNV', 'DRUSEN']",2,1,1,8113,CNV_DRUSEN,0.5594681,0.7569823,0.7020168304443359
2,DRUSEN,['DRUSEN'],1,1,0,8115,Singleton,0.17154625,0.95891863,0.5130801200866699
2,DRUSEN,"['DRUSEN', 'NORMAL']",2,1,1,8116,DRUSEN_NORMAL,0.5780603,0.7580996,0.5163846611976624
2,DRUSEN,['DRUSEN'],1,1,0,8117,Singleton,0.14849325,0.9672178,0.5895592570304871
2,DRUSEN,['DRUSEN'],1,1,0,8119,Singleton,0.28525484,0.9175566,0.6376973986625671
2,DRUSEN,"['CNV', 'DRUSEN']",2,1,1,8122,CNV_DRUSEN,0.7102843,0.56017977,0.7482894659042358
2,DRUSEN,['DRUSEN'],1,1,0,8127,Singleton,0.3187938,0.9061456,0.6279433965682983
2,DRUSEN,['DRUSEN'],1,1,0,8128,Singleton,0.21424626,0.9527449,0.7593936920166016
2,DRUSEN,['DRUSEN'],1,1,0,8130,Singleton,0.21108823,0.9461065,0.6759384870529175
2,DRUSEN,"['CNV', 'DRUSEN']",2,1,1,8132,CNV_DRUSEN,0.5183411,0.78708196,0.42693284153938293
2,DRUSEN,"['CNV', 'DRUSEN']",2,1,1,8133,CNV_DRUSEN,0.6049754,0.70953804,0.5791207551956177
2,DRUSEN,['DRUSEN'],1,1,0,8136,Singleton,0.40149575,0.88720405,0.6306129097938538
2,DRUSEN,['DRUSEN'],1,1,0,8137,Singleton,0.20636308,0.9484683,0.7145353555679321
2,DRUSEN,['DRUSEN'],1,1,0,8138,Singleton,0.4930332,0.8064621,0.5264097452163696
2,DRUSEN,['DRUSEN'],1,1,0,8140,Singleton,0.37772202,0.8746199,0.7326428890228271
2,DRUSEN,['DRUSEN'],1,1,0,8142,Singleton,0.25664842,0.92900103,0.7713964581489563
2,DRUSEN,['DRUSEN'],1,1,0,8145,Singleton,0.18462843,0.9579541,0.7057226300239563
2,DRUSEN,['DRUSEN'],1,1,0,8149,Singleton,0.34669146,0.8918307,0.7577570080757141
2,DRUSEN,['DRUSEN'],1,1,0,8154,Singleton,0.18049213,0.9588258,0.7055362462997437
2,DRUSEN,['DRUSEN'],1,1,0,8155,Singleton,0.29326972,0.9328439,0.7194557785987854
2,DRUSEN,['DRUSEN'],1,1,0,8156,Singleton,0.33423588,0.8961271,0.5483335852622986
2,DRUSEN,"['CNV', 'DRUSEN']",2,1,1,8161,CNV_DRUSEN,0.5496025,0.7654542,0.6173487901687622
2,DRUSEN,['DRUSEN'],1,1,0,8162,Singleton,0.13507935,0.970751,0.44399943947792053
2,DRUSEN,"['CNV', 'DRUSEN']",2,1,1,8165,CNV_DRUSEN,0.55740774,0.7566979,0.7063032984733582
2,DRUSEN,['DRUSEN'],1,1,0,8171,Singleton,0.46662825,0.83828074,0.5931570529937744
2,DRUSEN,['DRUSEN'],1,1,0,8173,Singleton,0.4012579,0.86377525,0.7230556011199951
2,DRUSEN,['DRUSEN'],1,1,0,8177,Singleton,0.27427512,0.9239349,0.6334502100944519
2,DRUSEN,['DRUSEN'],1,1,0,8181,Singleton,0.20568937,0.9489843,0.6731976866722107
2,DRUSEN,['DRUSEN'],1,1,0,8183,Singleton,0.47989824,0.81917936,0.6962933540344238
2,DRUSEN,"['CNV', 'DRUSEN']",2,1,1,8184,CNV_DRUSEN,0.7113529,0.5404168,0.6679760813713074
2,DRUSEN,['DRUSEN'],1,1,0,8186,Singleton,0.19403195,0.9530664,0.7893491387367249
2,DRUSEN,['DRUSEN'],1,1,0,8198,Singleton,0.31624448,0.9073096,0.591399610042572
2,DRUSEN,['DRUSEN'],1,1,0,8202,Singleton,0.09968339,0.9807937,0.7267089486122131
2,DRUSEN,['DRUSEN'],1,1,0,8207,Singleton,0.40331045,0.8610662,0.6702529191970825
2,DRUSEN,['DRUSEN'],1,1,0,8208,Singleton,0.45610976,0.8312313,0.7498228549957275
2,DRUSEN,"['DRUSEN', 'NORMAL']",2,1,1,8212,DRUSEN_NORMAL,0.6090812,0.7324756,0.6554163098335266
2,DRUSEN,['DRUSEN'],1,1,0,8214,Singleton,0.38092762,0.8929715,0.6341786980628967
2,DRUSEN,"['CNV', 'DRUSEN']",2,1,1,8217,CNV_DRUSEN,0.5462545,0.7694222,0.7732405662536621
2,DRUSEN,['DRUSEN'],1,1,0,8220,Singleton,0.21303748,0.9451664,0.6545533537864685
2,DRUSEN,"['DRUSEN', 'NORMAL']",2,1,1,8221,DRUSEN_NORMAL,0.7145418,0.5964077,0.6150807738304138
2,DRUSEN,['DRUSEN'],1,1,0,8225,Singleton,0.43170598,0.8594628,0.18306350708007812
2,DRUSEN,['DRUSEN'],1,1,0,8227,Singleton,0.42272264,0.85019034,0.7263907194137573
2,DRUSEN,['DRUSEN'],1,1,0,8235,Singleton,0.17551796,0.9618441,0.419918417930603
2,DRUSEN,['DRUSEN'],1,1,0,8238,Singleton,0.32400838,0.9008405,0.7865502834320068
2,DRUSEN,['DRUSEN'],1,1,0,8242,Singleton,0.362235,0.88379496,0.569298267364502
2,DRUSEN,['DRUSEN'],1,1,0,8244,Singleton,0.293537,0.9204145,0.6004147529602051
2,DRUSEN,"['CNV', 'DRUSEN']",2,1,1,8249,CNV_DRUSEN,0.6444879,0.6627802,0.6129549145698547
2,DRUSEN,['DRUSEN'],1,1,0,8250,Singleton,0.15919517,0.96273965,0.7398863434791565
2,DRUSEN,['DRUSEN'],1,1,0,8251,Singleton,0.33273166,0.8999452,0.6518803238868713
2,DRUSEN,['DRUSEN'],1,1,0,8252,Singleton,0.13572028,0.97010714,0.6841751337051392
2,DRUSEN,['DRUSEN'],1,1,0,8254,Singleton,0.25458935,0.9297602,0.5844665765762329
2,DRUSEN,['DRUSEN'],1,1,0,8256,Singleton,0.14414194,0.9675391,0.7443118095397949
2,DRUSEN,['DRUSEN'],1,1,0,8261,Singleton,0.12684144,0.97312135,0.7610448002815247
2,DRUSEN,"['DRUSEN', 'NORMAL']",2,1,1,8262,DRUSEN_NORMAL,0.5905697,0.75261825,0.7290661931037903
2,DRUSEN,['DRUSEN'],1,1,0,8264,Singleton,0.04451432,0.9930196,0.5253757238388062
2,DRUSEN,['DRUSEN'],1,1,0,8268,Singleton,0.18734668,0.96335006,0.7318110466003418
2,DRUSEN,['DRUSEN'],1,1,0,8269,Singleton,0.2250197,0.9407544,0.43888285756111145
2,DRUSEN,"['DRUSEN', 'NORMAL']",2,1,1,8271,DRUSEN_NORMAL,0.58304095,0.74818945,0.6666432023048401
2,DRUSEN,['DRUSEN'],1,1,0,8275,Singleton,0.30166462,0.9106434,0.5025817155838013
2,DRUSEN,['DRUSEN'],1,1,0,8278,Singleton,0.4956774,0.8100491,0.4585946798324585
2,DRUSEN,['DRUSEN'],1,1,0,8280,Singleton,0.3127723,0.9095591,0.6447556614875793
2,DRUSEN,"['CNV', 'DRUSEN']",2,1,1,8282,CNV_DRUSEN,0.54599667,0.7786028,0.7079930305480957
2,DRUSEN,"['DRUSEN', 'NORMAL']",2,1,1,8287,DRUSEN_NORMAL,0.62591946,0.70097643,0.8119089007377625
2,DRUSEN,['DRUSEN'],1,1,0,8290,Singleton,0.11500478,0.97993386,0.7221730947494507
2,DRUSEN,['DRUSEN'],1,1,0,8291,Singleton,0.23287384,0.9468225,0.6577184200286865
2,DRUSEN,"['DRUSEN', 'NORMAL']",2,1,1,8294,DRUSEN_NORMAL,0.686568,0.6165817,0.6639178991317749
2,DRUSEN,['DRUSEN'],1,1,0,8295,Singleton,0.2348045,0.9378087,0.5450468063354492
2,DRUSEN,['DRUSEN'],1,1,0,8296,Singleton,0.4621559,0.83285975,0.6240367889404297
2,DRUSEN,['DRUSEN'],1,1,0,8299,Singleton,0.38262308,0.8730618,0.7747668027877808
2,DRUSEN,['DRUSEN'],1,1,0,8300,Singleton,0.6050192,0.8077118,0.7593164443969727
2,DRUSEN,['DRUSEN'],1,1,0,8302,Singleton,0.1939135,0.9608843,0.5090945959091187
2,DRUSEN,['DRUSEN'],1,1,0,8303,Singleton,0.31876844,0.9282987,0.6349673867225647
2,DRUSEN,"['CNV', 'DRUSEN']",2,1,1,8309,CNV_DRUSEN,0.6052141,0.71939224,0.5601743459701538
2,DRUSEN,"['CNV', 'DRUSEN']",2,1,1,8311,CNV_DRUSEN,0.5203871,0.7863459,0.7364835739135742
2,DRUSEN,['DRUSEN'],1,1,0,8312,Singleton,0.36629453,0.88091004,0.7507331371307373
2,DRUSEN,['DRUSEN'],1,1,0,8313,Singleton,0.22407019,0.9421759,0.77373206615448
2,DRUSEN,['DRUSEN'],1,1,0,8315,Singleton,0.34500483,0.8938032,0.5771235227584839
2,DRUSEN,['DRUSEN'],1,1,0,8318,Singleton,0.085221514,0.98331726,0.63563072681427
2,DRUSEN,['DRUSEN'],1,1,0,8323,Singleton,0.14543115,0.97113115,0.5394896864891052
2,DRUSEN,['DRUSEN'],1,1,0,8325,Singleton,0.36669576,0.8840705,0.7187490463256836
2,DRUSEN,['DRUSEN'],1,1,0,8327,Singleton,0.27203298,0.9233376,0.6496539115905762
2,DRUSEN,['DRUSEN'],1,1,0,8328,Singleton,0.21186389,0.9456476,0.44437161087989807
2,DRUSEN,['DRUSEN'],1,1,0,8329,Singleton,0.5036444,0.80007666,0.22686390578746796
2,DRUSEN,['DRUSEN'],1,1,0,8331,Singleton,0.24702562,0.93255675,0.6527128219604492
2,DRUSEN,"['DRUSEN', 'NORMAL']",2,1,1,8332,DRUSEN_NORMAL,0.68376946,0.6050845,0.5994426012039185
2,DRUSEN,['DRUSEN'],1,1,0,8334,Singleton,0.37728167,0.8759967,0.5148173570632935
2,DRUSEN,['DME'],1,0,0,8335,Other,0.7858435,0.7605746,0.2606925070285797
2,DRUSEN,['DRUSEN'],1,1,0,8336,Singleton,0.3786184,0.87425786,0.7391688227653503
2,DRUSEN,"['CNV', 'DRUSEN']",2,1,1,8338,CNV_DRUSEN,0.74234307,0.55176353,0.5902729034423828
2,DRUSEN,['DRUSEN'],1,1,0,8340,Singleton,0.09448614,0.9810064,0.5901620388031006
2,DRUSEN,['DRUSEN'],1,1,0,8341,Singleton,0.15968823,0.9702517,0.7365688681602478
2,DRUSEN,['DRUSEN'],1,1,0,8346,Singleton,0.27614233,0.9224712,0.7316747307777405
2,DRUSEN,['DRUSEN'],1,1,0,8347,Singleton,0.29197502,0.9345145,0.7469791173934937
2,DRUSEN,['DRUSEN'],1,1,0,8350,Singleton,0.15350313,0.9649593,0.6261848211288452
2,DRUSEN,['DRUSEN'],1,1,0,8351,Singleton,0.39777386,0.88041043,0.6719236373901367
2,DRUSEN,['DRUSEN'],1,1,0,8353,Singleton,0.35503528,0.8872495,0.7591848969459534
2,DRUSEN,"['CNV', 'DRUSEN']",2,1,1,8357,CNV_DRUSEN,0.60679746,0.71422064,0.6730114221572876
2,DRUSEN,['DRUSEN'],1,1,0,8358,Singleton,0.36606225,0.880596,0.6856051087379456
2,DRUSEN,['DRUSEN'],1,1,0,8359,Singleton,0.18465321,0.95472383,0.6043709516525269
2,DRUSEN,"['CNV', 'DRUSEN']",2,1,1,8364,CNV_DRUSEN,0.6600729,0.65178853,0.5633349418640137
2,DRUSEN,"['DRUSEN', 'NORMAL']",2,1,1,8367,DRUSEN_NORMAL,0.7878283,0.70010453,0.8652802109718323
2,DRUSEN,['DRUSEN'],1,1,0,8369,Singleton,0.05605538,0.9901202,0.5740898847579956
2,DRUSEN,"['CNV', 'DRUSEN']",2,1,1,8374,CNV_DRUSEN,0.62685525,0.69851226,0.7085459232330322
2,DRUSEN,['DRUSEN'],1,1,0,8376,Singleton,0.31433636,0.90516686,0.6006209254264832
2,DRUSEN,"['DRUSEN', 'NORMAL']",2,1,1,8379,DRUSEN_NORMAL,0.5533463,0.7888197,0.6823918223381042
2,DRUSEN,"['DRUSEN', 'NORMAL']",2,1,1,8384,DRUSEN_NORMAL,0.69148374,0.6245887,0.5976288318634033
2,DRUSEN,['DRUSEN'],1,1,0,8390,Singleton,0.2335494,0.93882805,0.7155544757843018
2,DRUSEN,['DRUSEN'],1,1,0,8392,Singleton,0.024349816,0.9964118,0.7746574878692627
2,DRUSEN,"['CNV', 'DRUSEN']",2,1,1,8393,CNV_DRUSEN,0.5414769,0.77030617,0.5479037165641785
2,DRUSEN,['DRUSEN'],1,1,0,8395,Singleton,0.30922246,0.90718734,0.6913056373596191
2,DRUSEN,"['CNV', 'DRUSEN']",2,1,1,8396,CNV_DRUSEN,0.4958885,0.80511737,0.6043867468833923
2,DRUSEN,['DRUSEN'],1,1,0,8399,Singleton,0.067061126,0.9877006,0.7464489340782166
2,DRUSEN,['DRUSEN'],1,1,0,8402,Singleton,0.19969246,0.9501432,0.5145744681358337
2,DRUSEN,['DRUSEN'],1,1,0,8403,Singleton,0.2679102,0.9316732,0.591292679309845
2,DRUSEN,['DRUSEN'],1,1,0,8407,Singleton,0.4035399,0.863394,0.5264396667480469
2,DRUSEN,['DRUSEN'],1,1,0,8408,Singleton,0.2459404,0.93451875,0.615273654460907
2,DRUSEN,['DRUSEN'],1,1,0,8409,Singleton,0.31619212,0.90653807,0.6995239853858948
2,DRUSEN,['DRUSEN'],1,1,0,8414,Singleton,0.3075018,0.909407,0.6623897552490234
2,DRUSEN,['DRUSEN'],1,1,0,8415,Singleton,0.3633715,0.88690966,0.7367274761199951
2,DRUSEN,['DRUSEN'],1,1,0,8420,Singleton,0.35506237,0.8872549,0.7010024189949036
2,DRUSEN,"['CNV', 'DRUSEN']",2,1,1,8421,CNV_DRUSEN,0.6729448,0.61363095,0.6848176717758179
2,DRUSEN,['DRUSEN'],1,1,0,8422,Singleton,0.17997153,0.962486,0.7283843159675598
2,DRUSEN,['DRUSEN'],1,1,0,8423,Singleton,0.13118817,0.9766252,0.67428058385849
2,DRUSEN,['DRUSEN'],1,1,0,8425,Singleton,0.37118244,0.87828773,0.5969589948654175
2,DRUSEN,['DRUSEN'],1,1,0,8427,Singleton,0.39579898,0.86582345,0.6852678656578064
2,DRUSEN,['DRUSEN'],1,1,0,8429,Singleton,0.092856005,0.9835673,0.7084491848945618
2,DRUSEN,['DRUSEN'],1,1,0,8432,Singleton,0.5054738,0.80078673,0.7008230686187744
2,DRUSEN,['DRUSEN'],1,1,0,8434,Singleton,0.41942677,0.85412824,0.6579697728157043
2,DRUSEN,['DRUSEN'],1,1,0,8436,Singleton,0.14298244,0.9682761,0.7141329646110535
2,DRUSEN,['DRUSEN'],1,1,0,8438,Singleton,0.271099,0.9248736,0.438362181186676
2,DRUSEN,"['CNV', 'DRUSEN']",2,1,1,8439,CNV_DRUSEN,0.5980875,0.7195919,0.7382074594497681
2,DRUSEN,['DRUSEN'],1,1,0,8446,Singleton,0.22463335,0.94109046,0.5052080154418945
2,DRUSEN,['DRUSEN'],1,1,0,8448,Singleton,0.49314064,0.8065918,0.39949774742126465
2,DRUSEN,['DRUSEN'],1,1,0,8449,Singleton,0.43174037,0.84579,0.7211285829544067
2,DRUSEN,"['CNV', 'DRUSEN']",2,1,1,8453,CNV_DRUSEN,0.5465105,0.7795237,0.6023861765861511
2,DRUSEN,['DRUSEN'],1,1,0,8456,Singleton,0.37807855,0.87567866,0.7540647983551025
2,DRUSEN,['DRUSEN'],1,1,0,8463,Singleton,0.34191623,0.91156363,0.5006324052810669
2,DRUSEN,"['CNV', 'DRUSEN']",2,1,1,8465,CNV_DRUSEN,0.5532435,0.7630662,0.6290384531021118
2,DRUSEN,"['CNV', 'DRUSEN']",2,1,1,8469,CNV_DRUSEN,0.5681003,0.7477066,0.6286742687225342
2,DRUSEN,['DRUSEN'],1,1,0,8472,Singleton,0.4043,0.86233497,0.32593047618865967
2,DRUSEN,"['DRUSEN', 'NORMAL']",2,1,1,8474,DRUSEN_NORMAL,0.7014659,0.60556024,0.6606678366661072
2,DRUSEN,['DRUSEN'],1,1,0,8476,Singleton,0.32559308,0.91362745,0.5434656739234924
2,DRUSEN,['NORMAL'],1,0,0,8477,Other,0.41434366,0.8927565,0.7758035063743591
2,DRUSEN,['NORMAL'],1,0,0,8478,Other,0.35683239,0.889091,0.6450644731521606
2,DRUSEN,['DRUSEN'],1,1,0,8481,Singleton,0.48301962,0.81292653,0.6211437582969666
2,DRUSEN,['DRUSEN'],1,1,0,8490,Singleton,0.3667937,0.8880699,0.713546633720398
2,DRUSEN,['DRUSEN'],1,1,0,8492,Singleton,0.24982575,0.9443163,0.7210678458213806
2,DRUSEN,['DRUSEN'],1,1,0,8495,Singleton,0.26424187,0.93762183,0.7483975887298584
2,DRUSEN,['DRUSEN'],1,1,0,8496,Singleton,0.28715536,0.9199981,0.4528621435165405
2,DRUSEN,['DRUSEN'],1,1,0,8502,Singleton,0.5231453,0.80956876,0.7076985836029053
2,DRUSEN,['DRUSEN'],1,1,0,8505,Singleton,0.41631457,0.8575499,0.6776204705238342
2,DRUSEN,"['CNV', 'DRUSEN']",2,1,1,8510,CNV_DRUSEN,0.5750083,0.74457896,0.4517461657524109
2,DRUSEN,"['DRUSEN', 'NORMAL']",2,1,1,8511,DRUSEN_NORMAL,0.6028865,0.77645415,0.6862484216690063
2,DRUSEN,['DRUSEN'],1,1,0,8514,Singleton,0.33277518,0.9020561,0.6691402196884155
2,DRUSEN,['DRUSEN'],1,1,0,8516,Singleton,0.41761693,0.854071,0.6067922115325928
2,DRUSEN,['DRUSEN'],1,1,0,8517,Singleton,0.4591548,0.83314097,0.6580666899681091
2,DRUSEN,"['CNV', 'DRUSEN']",2,1,1,8519,CNV_DRUSEN,0.6589982,0.6454757,0.5678916573524475
2,DRUSEN,['DRUSEN'],1,1,0,8520,Singleton,0.2604039,0.9284576,0.6663107872009277
2,DRUSEN,"['CNV', 'DRUSEN']",2,1,1,8525,CNV_DRUSEN,0.570148,0.756877,0.7291527986526489
2,DRUSEN,['DRUSEN'],1,1,0,8526,Singleton,0.27870926,0.9202276,0.5257503390312195
2,DRUSEN,['DRUSEN'],1,1,0,8529,Singleton,0.2973764,0.91284734,0.37837889790534973
2,DRUSEN,"['CNV', 'DRUSEN']",2,1,1,8530,CNV_DRUSEN,0.64518815,0.6617205,0.5519435405731201
2,DRUSEN,['DRUSEN'],1,1,0,8534,Singleton,0.19714098,0.95671415,0.6761735081672668
2,DRUSEN,['DRUSEN'],1,1,0,8536,Singleton,0.42394087,0.84976596,0.5469897985458374
2,DRUSEN,"['CNV', 'DRUSEN']",2,1,1,8538,CNV_DRUSEN,0.5634325,0.7502261,0.6195430755615234
2,DRUSEN,"['CNV', 'DRUSEN']",2,1,1,8541,CNV_DRUSEN,0.7154765,0.595685,0.7990997433662415
2,DRUSEN,['DRUSEN'],1,1,0,8543,Singleton,0.29161677,0.91510904,0.5822315216064453
2,DRUSEN,['DRUSEN'],1,1,0,8546,Singleton,0.10514796,0.9788614,0.6001380085945129
2,DRUSEN,['DRUSEN'],1,1,0,8549,Singleton,0.27743298,0.92092407,0.6780238747596741
2,DRUSEN,['DRUSEN'],1,1,0,8552,Singleton,0.4359504,0.8435372,0.5947185754776001
2,DRUSEN,['DRUSEN'],1,1,0,8555,Singleton,0.25175697,0.94305575,0.7354881763458252
2,DRUSEN,['DRUSEN'],1,1,0,8557,Singleton,0.1891737,0.95326513,0.633070170879364
2,DRUSEN,['DRUSEN'],1,1,0,8559,Singleton,0.13190885,0.9710754,0.5480583310127258
2,DRUSEN,['DRUSEN'],1,1,0,8561,Singleton,0.37048274,0.8945565,0.731916606426239
2,DRUSEN,['DRUSEN'],1,1,0,8562,Singleton,0.46888444,0.8292689,0.7564958930015564
2,DRUSEN,"['DRUSEN', 'NORMAL']",2,1,1,8564,DRUSEN_NORMAL,0.6934117,0.57018566,0.7872390151023865
2,DRUSEN,"['DRUSEN', 'NORMAL']",2,1,1,8566,DRUSEN_NORMAL,0.69391286,0.59762675,0.6159606575965881
2,DRUSEN,"['CNV', 'DRUSEN']",2,1,1,8567,CNV_DRUSEN,0.5987322,0.7452378,0.4202485978603363
2,DRUSEN,"['CNV', 'DRUSEN']",2,1,1,8568,CNV_DRUSEN,0.5563266,0.7818819,0.7030690312385559
2,DRUSEN,['DRUSEN'],1,1,0,8570,Singleton,0.3291149,0.89856076,0.5933443307876587
2,DRUSEN,['DRUSEN'],1,1,0,8577,Singleton,0.46965683,0.82139033,0.7028571963310242
2,DRUSEN,['DRUSEN'],1,1,0,8578,Singleton,0.19595122,0.95983666,0.6505491137504578
2,DRUSEN,['DRUSEN'],1,1,0,8579,Singleton,0.23206025,0.9460427,0.7244757413864136
2,DRUSEN,"['DRUSEN', 'NORMAL']",2,1,1,8580,DRUSEN_NORMAL,0.6047981,0.7225529,0.7071508169174194
2,DRUSEN,['DRUSEN'],1,1,0,8583,Singleton,0.26419932,0.92595994,0.6444936394691467
2,DRUSEN,['DRUSEN'],1,1,0,8586,Singleton,0.40427735,0.8710497,0.4892396926879883
2,DRUSEN,"['CNV', 'DRUSEN']",2,1,1,8593,CNV_DRUSEN,0.61396444,0.7169607,0.4365968108177185
2,DRUSEN,['DRUSEN'],1,1,0,8594,Singleton,0.09695,0.98158884,0.7140389084815979
2,DRUSEN,"['CNV', 'DRUSEN']",2,1,1,8595,CNV_DRUSEN,0.57266885,0.74484146,0.6182901263237
2,DRUSEN,['DRUSEN'],1,1,0,8598,Singleton,0.33833593,0.895689,0.7462188005447388
2,DRUSEN,['DRUSEN'],1,1,0,8599,Singleton,0.12551858,0.97295946,0.7679781317710876
2,DRUSEN,"['CNV', 'DRUSEN']",2,1,1,8600,CNV_DRUSEN,0.67771405,0.6047582,0.7157999873161316
2,DRUSEN,"['DRUSEN', 'NORMAL']",2,1,1,8603,DRUSEN_NORMAL,0.60927904,0.72936285,0.5182076692581177
2,DRUSEN,"['CNV', 'DRUSEN']",2,1,1,8608,CNV_DRUSEN,0.58630264,0.7366341,0.7625764608383179
2,DRUSEN,['DRUSEN'],1,1,0,8610,Singleton,0.44545805,0.8383297,0.6803098320960999
2,DRUSEN,['DRUSEN'],1,1,0,8611,Singleton,0.20994748,0.94616145,0.6389195322990417
2,DRUSEN,['DRUSEN'],1,1,0,8614,Singleton,0.44442275,0.84107786,0.5069026947021484
2,DRUSEN,"['CNV', 'DRUSEN']",2,1,1,8616,CNV_DRUSEN,0.56490415,0.76110667,0.6882315874099731
2,DRUSEN,"['DME', 'NORMAL']",2,0,1,8622,Other,0.910825,0.59363824,0.14607681334018707
2,DRUSEN,"['CNV', 'DRUSEN']",2,1,1,8624,CNV_DRUSEN,0.72006184,0.53130174,0.6887037754058838
2,DRUSEN,['DRUSEN'],1,1,0,8627,Singleton,0.08475557,0.9837771,0.6935870051383972
2,DRUSEN,"['CNV', 'DRUSEN']",2,1,1,8628,CNV_DRUSEN,0.5427465,0.76937467,0.6588056683540344
2,DRUSEN,['DRUSEN'],1,1,0,8631,Singleton,0.4794292,0.8280417,0.743164598941803
2,DRUSEN,['DRUSEN'],1,1,0,8633,Singleton,0.44075942,0.8650035,0.5834583044052124
2,DRUSEN,['DRUSEN'],1,1,0,8634,Singleton,0.3309755,0.89934874,0.7798281311988831
2,DRUSEN,['DRUSEN'],1,1,0,8635,Singleton,0.45497915,0.83242625,0.6933037638664246
2,DRUSEN,['DRUSEN'],1,1,0,8636,Singleton,0.40465534,0.888757,0.5934497714042664
2,DRUSEN,['DRUSEN'],1,1,0,8637,Singleton,0.23903114,0.93687814,0.663786768913269
2,DRUSEN,['DRUSEN'],1,1,0,8644,Singleton,0.091433644,0.9837581,0.7404117584228516
2,DRUSEN,['DRUSEN'],1,1,0,8645,Singleton,0.40290418,0.861496,0.6308735013008118
2,DRUSEN,['DRUSEN'],1,1,0,8646,Singleton,0.34669173,0.8912479,0.5886960625648499
2,DRUSEN,['DRUSEN'],1,1,0,8648,Singleton,0.39098126,0.86813027,0.6020324230194092
2,DRUSEN,['DRUSEN'],1,1,0,8649,Singleton,0.1423876,0.97362226,0.5633328557014465
2,DRUSEN,"['CNV', 'DRUSEN']",2,1,1,8652,CNV_DRUSEN,0.630969,0.683508,0.7123419046401978
2,DRUSEN,['DRUSEN'],1,1,0,8653,Singleton,0.36270553,0.89120656,0.39822858572006226
2,DRUSEN,['DRUSEN'],1,1,0,8658,Singleton,0.15072848,0.96635747,0.8127171397209167
2,DRUSEN,['DRUSEN'],1,1,0,8662,Singleton,0.2078984,0.9587238,0.7719663977622986
